37.0,22.0,0.0,0.0,0.0,0.0,0.0,0.0,137.0,137.0,0.0,0.0,0.0,0.0,0.0,2.0,67.0,42.0,2.0,2.0,50.0,44.0,1.0,1.0,0.0,0.0,0.0,1.0,82.0,137.0,24.0,0.0,29.0,4.0,0.0,0.0,0.0,0.0,0.0,4.0,137.0,65.0,8.0,1.0,0.0,0.0,0.0,32.0,117.0,36.0,91.0,55.0,4.0,7.0,0.0,9.0,0.0,2.0,136.0,94.0,9.0,66.0,19.0,0.0,14.0,7.0,0.0,0.0,0.0,0.0,0.0,1.0,103.0,136.0,74.0,6.0,0.0,0.0,0.0,4.0,16.0,42.0,137.0,127.0,0.0,0.0,0.0,1.0,0.0,3.0,137.0,103.0,0.0,0.0,0.0,0.0,0.0,2.0,0.0,0.0,0.0,0.0,0.0,0.0,0.0,14.0,18.0,1.0,0.0,0.0,0.0,0.0,0.0,2.0,29.0,10.0,0.0,0.0,0.0,0.0,0.0,0.0,5.0,4.0,0.0,0.0,0.0,0.0,0.0,0.0,16.0,0.0,0.0,0.0,0.0,0.0,0.0,0.0,16.0,0.0,0.0,0.0,0.0,0.0,0.0,0.0,16.0,0.0,0.0,0.0,0.0,0.0,0.0,0.0,16.0,0.0,0.0,0.0,0.0,0.0,0.0,0.0,16.0,0.0,0.0,0.0,0.0,0.0,0.0,0.0,16.0,0.0,0.0,0.0,0.0,0.0,0.0,0.0,16.0,0.0,0.0,0.0,0.0,0.0,0.0,0.0,16.0,0.0,0.0,0.0,0.0,0.0,0.0,0.0,16.0,0.0,0.0,0.0,0.0,0.0,0.0,0.0,16.0,0.0,0.0,0.0,0.0,0.0,0.0,0.0,16.0,0.0,0.0,0.0,0.0,0.0,0.0,0.0,16.0,0.0,0.0,0.0,0.0,0.0,0.0,0.0,16.0,0.0,0.0,0.0,0.0,0.0,0.0,0.0,16.0,0.0,0.0,0.0,0.0,0.0,0.0,0.0,16.0,0.0,0.0,0.0,0.0,0.0,0.0,0.0,16.0,0.0,0.0,0.0,0.0,0.0
32.0,9.0,0.0,0.0,0.0,0.0,0.0,1.0,151.0,81.0,0.0,0.0,0.0,0.0,0.0,4.0,89.0,22.0,0.0,0.0,6.0,2.0,0.0,1.0,0.0,0.0,0.0,0.0,151.0,53.0,0.0,0.0,37.0,3.0,0.0,0.0,0.0,0.0,0.0,4.0,151.0,59.0,15.0,1.0,0.0,0.0,0.0,49.0,106.0,28.0,120.0,31.0,1.0,0.0,0.0,10.0,0.0,0.0,102.0,96.0,110.0,18.0,0.0,0.0,17.0,9.0,0.0,0.0,0.0,0.0,0.0,0.0,97.0,145.0,101.0,5.0,0.0,0.0,0.0,3.0,11.0,37.0,151.0,83.0,0.0,0.0,0.0,0.0,0.0,0.0,151.0,107.0,5.0,0.0,0.0,0.0,1.0,1.0,0.0,0.0,0.0,0.0,0.0,0.0,1.0,8.0,16.0,1.0,0.0,0.0,0.0,0.0,0.0,1.0,27.0,6.0,0.0,0.0,0.0,0.0,0.0,0.0,8.0,3.0,0.0,0.0,0.0,0.0,0.0,0.0,0.0,0.0,0.0,0.0,0.0,0.0,0.0,0.0,0.0,0.0,0.0,0.0,0.0,0.0,0.0,0.0,0.0,0.0,0.0,0.0,0.0,0.0,0.0,0.0,0.0,0.0,0.0,0.0,0.0,0.0,0.0,0.0,0.0,0.0,0.0,0.0,0.0,0.0,0.0,0.0,0.0,0.0,0.0,0.0,0.0,0.0,0.0,0.0,0.0,0.0,0.0,0.0,0.0,0.0,0.0,0.0,0.0,0.0,0.0,0.0,0.0,0.0,0.0,0.0,0.0,0.0,0.0,0.0,0.0,0.0,0.0,0.0,0.0,0.0,0.0,0.0,0.0,0.0,0.0,0.0,0.0,0.0,0.0,0.0,0.0,0.0,0.0,0.0,0.0,0.0,0.0,0.0,0.0,0.0,0.0,0.0,0.0,0.0,0.0,0.0,0.0,0.0,0.0,0.0,0.0,0.0,0.0,0.0,0.0,0.0,0.0,0.0,0.0,0.0,0.0,0.0,0.0,0.0,0.0,0.0,0.0,0.0,0.0,0.0,0.0,0.0
2.0,0.0,0.0,0.0,0.0,0.0,1.0,7.0,1.0,0.0,0.0,0.0,0.0,8.0,53.0,23.0,0.0,0.0,0.0,0.0,0.0,27.0,33.0,1.0,0.0,0.0,0.0,0.0,0.0,3.0,0.0,0.0,60.0,3.0,0.0,0.0,0.0,0.0,1.0,27.0,144.0,12.0,1.0,4.0,13.0,55.0,144.0,144.0,8.0,1.0,1.0,23.0,135.0,144.0,111.0,13.0,0.0,0.0,0.0,3.0,29.0,19.0,1.0,0.0,99.0,9.0,0.0,0.0,0.0,0.0,0.0,7.0,144.0,76.0,25.0,76.0,39.0,9.0,6.0,28.0,19.0,11.0,10.0,144.0,144.0,32.0,5.0,3.0,0.0,0.0,0.0,19.0,34.0,2.0,0.0,0.0,25.0,21.0,2.0,0.0,0.0,0.0,0.0,1.0,54.0,100.0,95.0,59.0,7.0,0.0,0.0,1.0,1.0,4.0,33.0,122.0,38.0,0.0,0.0,0.0,0.0,0.0,0.0,4.0,3.0,0.0,0.0,0.0,0.0,0.0,16.0,0.0,0.0,0.0,0.0,0.0,0.0,0.0,16.0,0.0,0.0,0.0,0.0,0.0,0.0,0.0,16.0,0.0,0.0,0.0,0.0,0.0,0.0,0.0,16.0,0.0,0.0,0.0,0.0,0.0,0.0,0.0,16.0,0.0,0.0,0.0,0.0,0.0,0.0,0.0,16.0,0.0,0.0,0.0,0.0,0.0,0.0,0.0,16.0,0.0,0.0,0.0,0.0,0.0,0.0,0.0,16.0,0.0,0.0,0.0,0.0,0.0,0.0,0.0,16.0,0.0,0.0,0.0,0.0,0.0,0.0,0.0,16.0,0.0,0.0,0.0,0.0,0.0,0.0,0.0,16.0,0.0,0.0,0.0,0.0,0.0,0.0,0.0,16.0,0.0,0.0,0.0,0.0,0.0,0.0,0.0,16.0,0.0,0.0,0.0,0.0,0.0,0.0,0.0,16.0,0.0,0.0,0.0,0.0,0.0,0.0,0.0,16.0,0.0,0.0,0.0,0.0,0.0,0.0,0.0,16.0,0.0,0.0,0.0,0.0,0.0
19.0,0.0,0.0,0.0,0.0,0.0,0.0,12.0,63.0,0.0,0.0,0.0,7.0,38.0,84.0,114.0,2.0,0.0,0.0,0.0,53.0,123.0,51.0,10.0,0.0,0.0,0.0,0.0,6.0,6.0,0.0,0.0,78.0,2.0,0.0,0.0,0.0,0.0,0.0,4.0,146.0,41.0,8.0,3.0,30.0,53.0,26.0,70.0,30.0,10.0,10.0,22.0,146.0,146.0,18.0,11.0,0.0,0.0,0.0,3.0,47.0,37.0,0.0,0.0,35.0,17.0,0.0,0.0,0.0,0.0,0.0,0.0,146.0,146.0,133.0,14.0,6.0,4.0,1.0,1.0,10.0,41.0,146.0,146.0,116.0,44.0,1.0,1.0,0.0,0.0,4.0,36.0,51.0,9.0,0.0,0.0,0.0,3.0,0.0,0.0,0.0,0.0,0.0,0.0,0.0,18.0,33.0,1.0,0.0,0.0,0.0,0.0,0.0,3.0,47.0,17.0,0.0,0.0,0.0,0.0,0.0,0.0,2.0,5.0,0.0,0.0,0.0,0.0,0.0,0.0,16.0,0.0,0.0,0.0,0.0,0.0,0.0,0.0,16.0,0.0,0.0,0.0,0.0,0.0,0.0,0.0,16.0,0.0,0.0,0.0,0.0,0.0,0.0,0.0,16.0,0.0,0.0,0.0,0.0,0.0,0.0,0.0,16.0,0.0,0.0,0.0,0.0,0.0,0.0,0.0,16.0,0.0,0.0,0.0,0.0,0.0,0.0,0.0,16.0,0.0,0.0,0.0,0.0,0.0,0.0,0.0,16.0,0.0,0.0,0.0,0.0,0.0,0.0,0.0,16.0,0.0,0.0,0.0,0.0,0.0,0.0,0.0,16.0,0.0,0.0,0.0,0.0,0.0,0.0,0.0,16.0,0.0,0.0,0.0,0.0,0.0,0.0,0.0,16.0,0.0,0.0,0.0,0.0,0.0,0.0,0.0,16.0,0.0,0.0,0.0,0.0,0.0,0.0,0.0,16.0,0.0,0.0,0.0,0.0,0.0,0.0,0.0,16.0,0.0,0.0,0.0,0.0,0.0,0.0,0.0,16.0,0.0,0.0,0.0,0.0,0.0
4.0,0.0,0.0,0.0,67.0,56.0,7.0,8.0,0.0,0.0,0.0,0.0,6.0,5.0,39.0,26.0,0.0,0.0,0.0,0.0,1.0,26.0,47.0,5.0,4.0,0.0,0.0,0.0,1.0,5.0,3.0,10.0,38.0,1.0,0.0,0.0,144.0,86.0,6.0,23.0,144.0,3.0,0.0,0.0,20.0,36.0,119.0,144.0,17.0,0.0,0.0,0.0,144.0,144.0,142.0,50.0,43.0,7.0,0.0,0.0,48.0,29.0,1.0,11.0,67.0,9.0,0.0,0.0,144.0,56.0,0.0,3.0,144.0,41.0,0.0,0.0,38.0,20.0,8.0,43.0,57.0,6.0,0.0,0.0,144.0,98.0,9.0,15.0,14.0,6.0,0.0,0.0,57.0,12.0,0.0,0.0,6.0,1.0,0.0,0.0,14.0,4.0,0.0,0.0,9.0,2.0,0.0,0.0,2.0,0.0,0.0,0.0,1.0,0.0,0.0,0.0,0.0,0.0,0.0,0.0,0.0,0.0,0.0,0.0,0.0,0.0,0.0,0.0,0.0,0.0,0.0,0.0,0.0,0.0,0.0,0.0,0.0,0.0,0.0,0.0,0.0,0.0,0.0,0.0,0.0,0.0,0.0,0.0,0.0,0.0,0.0,0.0,0.0,0.0,0.0,0.0,0.0,0.0,0.0,0.0,0.0,0.0,0.0,0.0,0.0,0.0,0.0,0.0,0.0,0.0,0.0,0.0,0.0,0.0,0.0,0.0,0.0,0.0,0.0,0.0,0.0,0.0,0.0,0.0,0.0,0.0,0.0,0.0,0.0,0.0,0.0,0.0,0.0,0.0,0.0,0.0,0.0,0.0,0.0,0.0,0.0,0.0,0.0,0.0,0.0,0.0,0.0,0.0,0.0,0.0,0.0,0.0,0.0,0.0,0.0,0.0,0.0,0.0,0.0,0.0,0.0,0.0,0.0,0.0,0.0,0.0,0.0,0.0,0.0,0.0,0.0,0.0,0.0,0.0,0.0,0.0,0.0,0.0,0.0,0.0,0.0,0.0,0.0,0.0,0.0,0.0,0.0,0.0,0.0,0.0,0.0,0.0,0.0,0.0,0.0,0.0
21.0,23.0,0.0,0.0,0.0,0.0,0.0,0.0,124.0,56.0,0.0,0.0,2.0,54.0,42.0,17.0,16.0,0.0,0.0,3.0,33.0,143.0,128.0,12.0,0.0,0.0,0.0,2.0,37.0,65.0,11.0,0.0,48.0,12.0,0.0,0.0,0.0,0.0,0.0,2.0,143.0,64.0,9.0,12.0,4.0,4.0,10.0,42.0,79.0,15.0,14.0,143.0,143.0,66.0,31.0,21.0,0.0,0.0,0.0,76.0,117.0,23.0,1.0,0.0,23.0,14.0,0.0,0.0,0.0,0.0,0.0,1.0,124.0,143.0,92.0,22.0,1.0,0.0,0.0,4.0,14.0,39.0,122.0,143.0,62.0,0.0,0.0,0.0,0.0,0.0,1.0,50.0,25.0,0.0,0.0,0.0,0.0,2.0,0.0,0.0,0.0,0.0,0.0,0.0,0.0,17.0,22.0,2.0,0.0,0.0,0.0,0.0,0.0,3.0,29.0,18.0,0.0,0.0,0.0,0.0,0.0,0.0,1.0,3.0,0.0,0.0,0.0,0.0,0.0,0.0,16.0,0.0,0.0,0.0,0.0,0.0,0.0,0.0,16.0,0.0,0.0,0.0,0.0,0.0,0.0,0.0,16.0,0.0,0.0,0.0,0.0,0.0,0.0,0.0,16.0,0.0,0.0,0.0,0.0,0.0,0.0,0.0,16.0,0.0,0.0,0.0,0.0,0.0,0.0,0.0,16.0,0.0,0.0,0.0,0.0,0.0,0.0,0.0,16.0,0.0,0.0,0.0,0.0,0.0,0.0,0.0,16.0,0.0,0.0,0.0,0.0,0.0,0.0,0.0,16.0,0.0,0.0,0.0,0.0,0.0,0.0,0.0,16.0,0.0,0.0,0.0,0.0,0.0,0.0,0.0,16.0,0.0,0.0,0.0,0.0,0.0,0.0,0.0,16.0,0.0,0.0,0.0,0.0,0.0,0.0,0.0,16.0,0.0,0.0,0.0,0.0,0.0,0.0,0.0,16.0,0.0,0.0,0.0,0.0,0.0,0.0,0.0,16.0,0.0,0.0,0.0,0.0,0.0,0.0,0.0,16.0,0.0,0.0,0.0,0.0,0.0
36.0,0.0,0.0,0.0,0.0,0.0,0.0,9.0,168.0,0.0,0.0,0.0,49.0,17.0,18.0,114.0,18.0,0.0,0.0,0.0,168.0,53.0,17.0,21.0,0.0,0.0,0.0,0.0,26.0,3.0,0.0,0.0,70.0,1.0,0.0,0.0,0.0,0.0,0.0,2.0,168.0,12.0,3.0,10.0,75.0,12.0,0.0,18.0,39.0,3.0,2.0,36.0,168.0,53.0,0.0,4.0,0.0,0.0,0.0,3.0,39.0,4.0,0.0,0.0,46.0,12.0,0.0,0.0,0.0,0.0,0.0,0.0,168.0,123.0,79.0,78.0,16.0,2.0,0.0,1.0,12.0,13.0,44.0,168.0,122.0,8.0,0.0,0.0,0.0,0.0,0.0,13.0,15.0,1.0,0.0,0.0,3.0,7.0,1.0,0.0,0.0,0.0,0.0,0.0,5.0,32.0,40.0,16.0,0.0,0.0,0.0,0.0,0.0,1.0,17.0,34.0,1.0,0.0,0.0,0.0,0.0,0.0,0.0,1.0,1.0,0.0,0.0,0.0,0.0,0.0,16.0,0.0,0.0,0.0,0.0,0.0,0.0,0.0,16.0,0.0,0.0,0.0,0.0,0.0,0.0,0.0,16.0,0.0,0.0,0.0,0.0,0.0,0.0,0.0,16.0,0.0,0.0,0.0,0.0,0.0,0.0,0.0,16.0,0.0,0.0,0.0,0.0,0.0,0.0,0.0,16.0,0.0,0.0,0.0,0.0,0.0,0.0,0.0,16.0,0.0,0.0,0.0,0.0,0.0,0.0,0.0,16.0,0.0,0.0,0.0,0.0,0.0,0.0,0.0,16.0,0.0,0.0,0.0,0.0,0.0,0.0,0.0,16.0,0.0,0.0,0.0,0.0,0.0,0.0,0.0,16.0,0.0,0.0,0.0,0.0,0.0,0.0,0.0,16.0,0.0,0.0,0.0,0.0,0.0,0.0,0.0,16.0,0.0,0.0,0.0,0.0,0.0,0.0,0.0,16.0,0.0,0.0,0.0,0.0,0.0,0.0,0.0,16.0,0.0,0.0,0.0,0.0,0.0,0.0,0.0,16.0,0.0,0.0,0.0,0.0,0.0
23.0,0.0,0.0,0.0,0.0,0.0,0.0,4.0,163.0,0.0,0.0,2.0,11.0,0.0,0.0,54.0,95.0,0.0,0.0,51.0,163.0,0.0,0.0,16.0,0.0,0.0,0.0,17.0,104.0,0.0,0.0,0.0,46.0,1.0,0.0,0.0,0.0,0.0,0.0,5.0,163.0,37.0,8.0,14.0,22.0,0.0,0.0,43.0,73.0,13.0,9.0,113.0,163.0,0.0,0.0,8.0,0.0,0.0,0.0,18.0,90.0,0.0,0.0,0.0,23.0,11.0,0.0,0.0,0.0,0.0,0.0,0.0,117.0,156.0,89.0,24.0,4.0,0.0,0.0,2.0,11.0,33.0,100.0,163.0,97.0,0.0,0.0,0.0,0.0,0.0,0.0,19.0,28.0,0.0,0.0,0.0,0.0,2.0,0.0,0.0,0.0,0.0,0.0,0.0,0.0,14.0,23.0,1.0,0.0,0.0,0.0,0.0,0.0,2.0,25.0,14.0,0.0,0.0,0.0,0.0,0.0,0.0,0.0,2.0,0.0,0.0,0.0,0.0,0.0,0.0,16.0,0.0,0.0,0.0,0.0,0.0,0.0,0.0,16.0,0.0,0.0,0.0,0.0,0.0,0.0,0.0,16.0,0.0,0.0,0.0,0.0,0.0,0.0,0.0,16.0,0.0,0.0,0.0,0.0,0.0,0.0,0.0,16.0,0.0,0.0,0.0,0.0,0.0,0.0,0.0,16.0,0.0,0.0,0.0,0.0,0.0,0.0,0.0,16.0,0.0,0.0,0.0,0.0,0.0,0.0,0.0,16.0,0.0,0.0,0.0,0.0,0.0,0.0,0.0,16.0,0.0,0.0,0.0,0.0,0.0,0.0,0.0,16.0,0.0,0.0,0.0,0.0,0.0,0.0,0.0,16.0,0.0,0.0,0.0,0.0,0.0,0.0,0.0,16.0,0.0,0.0,0.0,0.0,0.0,0.0,0.0,16.0,0.0,0.0,0.0,0.0,0.0,0.0,0.0,16.0,0.0,0.0,0.0,0.0,0.0,0.0,0.0,16.0,0.0,0.0,0.0,0.0,0.0,0.0,0.0,16.0,0.0,0.0,0.0,0.0,0.0
0.0,1.0,0.0,0.0,0.0,0.0,0.0,1.0,0.0,2.0,3.0,0.0,0.0,1.0,15.0,10.0,0.0,0.0,2.0,2.0,0.0,8.0,12.0,1.0,0.0,0.0,0.0,1.0,0.0,1.0,0.0,0.0,21.0,0.0,0.0,0.0,0.0,0.0,0.0,15.0,101.0,3.0,0.0,0.0,7.0,34.0,117.0,162.0,6.0,0.0,0.0,2.0,91.0,169.0,101.0,21.0,0.0,0.0,0.0,0.0,16.0,13.0,0.0,0.0,58.0,4.0,0.0,0.0,0.0,0.0,0.0,5.0,169.0,30.0,0.0,13.0,54.0,13.0,15.0,67.0,46.0,5.0,0.0,63.0,169.0,59.0,14.0,12.0,0.0,0.0,0.0,5.0,45.0,4.0,0.0,0.0,58.0,0.0,0.0,0.0,0.0,0.0,0.0,13.0,169.0,1.0,0.0,6.0,62.0,18.0,2.0,89.0,26.0,0.0,0.0,28.0,169.0,76.0,1.0,11.0,0.0,0.0,0.0,2.0,28.0,9.0,0.0,0.0,0.0,0.0,15.0,0.0,0.0,0.0,0.0,0.0,0.0,0.0,16.0,0.0,0.0,0.0,0.0,0.0,0.0,0.0,16.0,0.0,0.0,0.0,0.0,0.0,0.0,0.0,16.0,0.0,0.0,0.0,0.0,0.0,0.0,0.0,16.0,0.0,0.0,0.0,0.0,0.0,0.0,0.0,16.0,0.0,0.0,0.0,0.0,0.0,0.0,0.0,16.0,0.0,0.0,0.0,0.0,0.0,0.0,0.0,16.0,0.0,0.0,0.0,0.0,0.0,0.0,0.0,16.0,0.0,0.0,0.0,0.0,0.0,0.0,0.0,16.0,0.0,0.0,0.0,0.0,0.0,0.0,0.0,16.0,0.0,0.0,0.0,0.0,0.0,0.0,0.0,16.0,0.0,0.0,0.0,0.0,0.0,0.0,0.0,16.0,0.0,0.0,0.0,0.0,0.0,0.0,0.0,16.0,0.0,0.0,0.0,0.0,0.0,0.0,0.0,16.0,0.0,0.0,0.0,0.0,0.0,0.0,0.0,16.0,0.0,0.0,0.0,0.0,0.0
0.0,0.0,0.0,0.0,0.0,0.0,1.0,1.0,0.0,0.0,0.0,0.0,0.0,0.0,17.0,7.0,0.0,0.0,0.0,0.0,0.0,6.0,27.0,1.0,0.0,0.0,0.0,0.0,0.0,1.0,12.0,1.0,17.0,0.0,0.0,0.0,0.0,0.0,0.0,7.0,101.0,1.0,0.0,0.0,0.0,5.0,101.0,141.0,11.0,0.0,0.0,0.0,0.0,97.0,157.0,40.0,0.0,0.0,0.0,0.0,0.0,17.0,157.0,18.0,40.0,3.0,0.0,0.0,0.0,0.0,0.0,1.0,157.0,26.0,0.0,0.0,0.0,1.0,13.0,45.0,103.0,7.0,1.0,0.0,0.0,31.0,128.0,25.0,0.0,0.0,2.0,0.0,0.0,5.0,157.0,10.0,22.0,3.0,0.0,0.0,0.0,0.0,0.0,0.0,157.0,83.0,13.0,0.0,0.0,0.0,0.0,0.0,78.0,50.0,124.0,6.0,0.0,0.0,1.0,0.0,0.0,0.0,144.0,12.0,0.0,0.0,1.0,0.0,0.0,0.0,0.0,0.0,0.0,0.0,0.0,0.0,0.0,0.0,0.0,0.0,0.0,0.0,0.0,0.0,0.0,0.0,0.0,0.0,0.0,0.0,0.0,0.0,0.0,0.0,0.0,0.0,0.0,0.0,0.0,0.0,0.0,0.0,0.0,0.0,0.0,0.0,0.0,0.0,0.0,0.0,0.0,0.0,0.0,0.0,0.0,0.0,0.0,0.0,0.0,0.0,0.0,0.0,0.0,0.0,0.0,0.0,0.0,0.0,0.0,0.0,0.0,0.0,0.0,0.0,0.0,0.0,0.0,0.0,0.0,0.0,0.0,0.0,0.0,0.0,0.0,0.0,0.0,0.0,0.0,0.0,0.0,0.0,0.0,0.0,0.0,0.0,0.0,0.0,0.0,0.0,0.0,0.0,0.0,0.0,0.0,0.0,0.0,0.0,0.0,0.0,0.0,0.0,0.0,0.0,0.0,0.0,0.0,0.0,0.0,0.0,0.0,0.0,0.0,0.0,0.0,0.0,0.0,0.0,0.0,0.0,0.0,0.0,0.0,0.0,0.0,0.0
24.0,7.0,0.0,0.0,0.0,0.0,4.0,22.0,76.0,12.0,0.0,0.0,3.0,6.0,129.0,135.0,8.0,0.0,0.0,10.0,101.0,107.0,158.0,40.0,0.0,0.0,0.0,6.0,42.0,28.0,3.0,0.0,60.0,19.0,0.0,0.0,0.0,0.0,0.0,4.0,160.0,60.0,3.0,7.0,33.0,4.0,15.0,61.0,63.0,9.0,3.0,71.0,160.0,37.0,19.0,21.0,0.0,0.0,0.0,19.0,81.0,5.0,0.0,0.0,32.0,14.0,0.0,0.0,0.0,0.0,0.0,1.0,160.0,160.0,32.0,7.0,14.0,0.0,0.0,5.0,17.0,77.0,28.0,22.0,156.0,24.0,0.0,1.0,0.0,0.0,0.0,1.0,16.0,4.0,0.0,0.0,1.0,3.0,0.0,0.0,0.0,0.0,0.0,0.0,1.0,35.0,3.0,0.0,0.0,0.0,0.0,0.0,0.0,9.0,1.0,0.0,0.0,0.0,0.0,0.0,0.0,0.0,0.0,0.0,0.0,0.0,0.0,0.0,0.0,0.0,16.0,0.0,0.0,0.0,0.0,0.0,0.0,0.0,16.0,0.0,0.0,0.0,0.0,0.0,0.0,0.0,16.0,0.0,0.0,0.0,0.0,0.0,0.0,0.0,16.0,0.0,0.0,0.0,0.0,0.0,0.0,0.0,16.0,0.0,0.0,0.0,0.0,0.0,0.0,0.0,16.0,0.0,0.0,0.0,0.0,0.0,0.0,0.0,16.0,0.0,0.0,0.0,0.0,0.0,0.0,0.0,16.0,0.0,0.0,0.0,0.0,0.0,0.0,0.0,16.0,0.0,0.0,0.0,0.0,0.0,0.0,0.0,16.0,0.0,0.0,0.0,0.0,0.0,0.0,0.0,16.0,0.0,0.0,0.0,0.0,0.0,0.0,0.0,16.0,0.0,0.0,0.0,0.0,0.0,0.0,0.0,16.0,0.0,0.0,0.0,0.0,0.0,0.0,0.0,16.0,0.0,0.0,0.0,0.0,0.0,0.0,0.0,16.0,0.0,0.0,0.0,0.0,0.0,0.0,0.0,16.0,0.0,0.0,0.0,0.0,0.0
9.0,0.0,2.0,6.0,0.0,0.0,4.0,14.0,5.0,0.0,0.0,0.0,0.0,28.0,60.0,22.0,0.0,0.0,0.0,0.0,0.0,33.0,23.0,0.0,0.0,0.0,0.0,0.0,0.0,2.0,1.0,0.0,82.0,6.0,0.0,0.0,0.0,0.0,2.0,17.0,145.0,10.0,0.0,4.0,10.0,81.0,145.0,108.0,10.0,1.0,0.0,19.0,119.0,145.0,109.0,11.0,0.0,0.0,0.0,3.0,26.0,23.0,1.0,0.0,85.0,18.0,0.0,0.0,0.0,0.0,0.0,4.0,145.0,143.0,53.0,65.0,26.0,12.0,9.0,19.0,20.0,19.0,33.0,145.0,145.0,48.0,8.0,4.0,0.0,0.0,0.0,20.0,39.0,3.0,0.0,0.0,8.0,18.0,1.0,0.0,0.0,0.0,0.0,0.0,17.0,109.0,82.0,29.0,2.0,0.0,0.0,0.0,0.0,10.0,50.0,101.0,22.0,0.0,0.0,0.0,0.0,0.0,0.0,6.0,4.0,0.0,0.0,0.0,0.0,0.0,0.0,0.0,0.0,0.0,0.0,0.0,0.0,0.0,0.0,0.0,0.0,0.0,0.0,0.0,0.0,0.0,0.0,0.0,0.0,0.0,0.0,0.0,0.0,0.0,0.0,0.0,0.0,0.0,0.0,0.0,0.0,0.0,0.0,0.0,0.0,0.0,0.0,0.0,0.0,0.0,0.0,0.0,0.0,0.0,0.0,0.0,0.0,0.0,0.0,0.0,0.0,0.0,0.0,0.0,0.0,0.0,0.0,0.0,0.0,0.0,0.0,0.0,0.0,0.0,0.0,0.0,0.0,0.0,0.0,0.0,0.0,0.0,0.0,0.0,0.0,0.0,0.0,0.0,0.0,0.0,0.0,0.0,0.0,0.0,0.0,0.0,0.0,0.0,0.0,0.0,0.0,0.0,0.0,0.0,0.0,0.0,0.0,0.0,0.0,0.0,0.0,0.0,0.0,0.0,0.0,0.0,0.0,0.0,0.0,0.0,0.0,0.0,0.0,0.0,0.0,0.0,0.0,0.0,0.0,0.0,0.0,0.0,0.0,0.0,0.0,0.0
38.0,10.0,0.0,0.0,0.0,0.0,0.0,1.0,161.0,81.0,0.0,0.0,0.0,0.0,0.0,7.0,90.0,18.0,0.0,0.0,0.0,5.0,14.0,4.0,0.0,0.0,2.0,1.0,0.0,2.0,21.0,6.0,43.0,4.0,0.0,0.0,0.0,0.0,0.0,4.0,161.0,66.0,16.0,1.0,0.0,0.0,0.0,51.0,111.0,30.0,132.0,32.0,0.0,0.0,0.0,11.0,0.0,0.0,161.0,65.0,0.0,0.0,0.0,0.0,18.0,12.0,0.0,0.0,0.0,0.0,0.0,0.0,103.0,161.0,110.0,5.0,0.0,0.0,0.0,3.0,11.0,40.0,161.0,93.0,0.0,0.0,0.0,0.0,0.0,0.0,161.0,93.0,0.0,0.0,0.0,0.0,1.0,1.0,0.0,0.0,0.0,0.0,0.0,0.0,0.0,9.0,17.0,1.0,0.0,0.0,0.0,0.0,0.0,1.0,30.0,8.0,0.0,0.0,0.0,0.0,0.0,0.0,9.0,3.0,0.0,0.0,0.0,0.0,0.0,0.0,16.0,0.0,0.0,0.0,0.0,0.0,0.0,0.0,16.0,0.0,0.0,0.0,0.0,0.0,0.0,0.0,16.0,0.0,0.0,0.0,0.0,0.0,0.0,0.0,16.0,0.0,0.0,0.0,0.0,0.0,0.0,0.0,16.0,0.0,0.0,0.0,0.0,0.0,0.0,0.0,16.0,0.0,0.0,0.0,0.0,0.0,0.0,0.0,16.0,0.0,0.0,0.0,0.0,0.0,0.0,0.0,16.0,0.0,0.0,0.0,0.0,0.0,0.0,0.0,16.0,0.0,0.0,0.0,0.0,0.0,0.0,0.0,16.0,0.0,0.0,0.0,0.0,0.0,0.0,0.0,16.0,0.0,0.0,0.0,0.0,0.0,0.0,0.0,16.0,0.0,0.0,0.0,0.0,0.0,0.0,0.0,16.0,0.0,0.0,0.0,0.0,0.0,0.0,0.0,16.0,0.0,0.0,0.0,0.0,0.0,0.0,0.0,16.0,0.0,0.0,0.0,0.0,0.0,0.0,0.0,16.0,0.0,0.0,0.0,0.0,0.0
1.0,0.0,0.0,0.0,0.0,0.0,0.0,4.0,1.0,0.0,0.0,0.0,0.0,1.0,44.0,56.0,0.0,0.0,0.0,0.0,6.0,47.0,80.0,18.0,0.0,0.0,0.0,0.0,6.0,13.0,2.0,0.0,44.0,1.0,0.0,0.0,0.0,0.0,0.0,23.0,139.0,20.0,7.0,11.0,11.0,16.0,92.0,139.0,13.0,5.0,7.0,66.0,139.0,139.0,133.0,72.0,0.0,0.0,0.0,9.0,76.0,22.0,1.0,0.0,55.0,20.0,0.0,0.0,0.0,0.0,0.0,3.0,139.0,139.0,131.0,60.0,8.0,2.0,3.0,34.0,12.0,24.0,106.0,139.0,136.0,8.0,3.0,8.0,0.0,0.0,0.0,29.0,39.0,0.0,0.0,0.0,2.0,7.0,1.0,0.0,0.0,0.0,0.0,0.0,3.0,34.0,56.0,9.0,0.0,0.0,0.0,0.0,1.0,2.0,38.0,36.0,1.0,0.0,0.0,1.0,2.0,0.0,0.0,3.0,1.0,1.0,19.0,20.0,0.0,0.0,16.0,0.0,0.0,0.0,0.0,0.0,0.0,0.0,16.0,0.0,0.0,0.0,0.0,0.0,0.0,0.0,16.0,0.0,0.0,0.0,0.0,0.0,0.0,0.0,16.0,0.0,0.0,0.0,0.0,0.0,0.0,0.0,16.0,0.0,0.0,0.0,0.0,0.0,0.0,0.0,16.0,0.0,0.0,0.0,0.0,0.0,0.0,0.0,16.0,0.0,0.0,0.0,0.0,0.0,0.0,0.0,16.0,0.0,0.0,0.0,0.0,0.0,0.0,0.0,16.0,0.0,0.0,0.0,0.0,0.0,0.0,0.0,16.0,0.0,0.0,0.0,0.0,0.0,0.0,0.0,16.0,0.0,0.0,0.0,0.0,0.0,0.0,0.0,16.0,0.0,0.0,0.0,0.0,0.0,0.0,0.0,16.0,0.0,0.0,0.0,0.0,0.0,0.0,0.0,16.0,0.0,0.0,0.0,0.0,0.0,0.0,0.0,16.0,0.0,0.0,0.0,0.0,0.0,0.0,0.0,16.0,0.0,0.0,0.0,0.0,0.0
1.0,0.0,0.0,0.0,0.0,0.0,0.0,3.0,1.0,0.0,0.0,0.0,0.0,4.0,36.0,29.0,0.0,0.0,0.0,0.0,0.0,31.0,45.0,4.0,0.0,0.0,0.0,0.0,0.0,6.0,1.0,0.0,33.0,1.0,0.0,0.0,0.0,0.0,0.0,22.0,142.0,21.0,3.0,5.0,7.0,29.0,121.0,142.0,15.0,6.0,4.0,34.0,142.0,142.0,142.0,52.0,0.0,0.0,0.0,6.0,48.0,36.0,1.0,0.0,40.0,18.0,0.0,0.0,0.0,0.0,0.0,4.0,142.0,142.0,111.0,35.0,8.0,6.0,8.0,43.0,18.0,52.0,124.0,142.0,142.0,37.0,10.0,11.0,0.0,0.0,0.0,37.0,53.0,3.0,0.0,0.0,1.0,6.0,1.0,0.0,0.0,0.0,0.0,0.0,1.0,49.0,49.0,5.0,0.0,0.0,0.0,0.0,0.0,8.0,51.0,47.0,3.0,0.0,0.0,0.0,0.0,0.0,0.0,7.0,2.0,0.0,0.0,0.0,0.0,0.0,16.0,0.0,0.0,0.0,0.0,0.0,0.0,0.0,16.0,0.0,0.0,0.0,0.0,0.0,0.0,0.0,16.0,0.0,0.0,0.0,0.0,0.0,0.0,0.0,16.0,0.0,0.0,0.0,0.0,0.0,0.0,0.0,16.0,0.0,0.0,0.0,0.0,0.0,0.0,0.0,16.0,0.0,0.0,0.0,0.0,0.0,0.0,0.0,16.0,0.0,0.0,0.0,0.0,0.0,0.0,0.0,16.0,0.0,0.0,0.0,0.0,0.0,0.0,0.0,16.0,0.0,0.0,0.0,0.0,0.0,0.0,0.0,16.0,0.0,0.0,0.0,0.0,0.0,0.0,0.0,16.0,0.0,0.0,0.0,0.0,0.0,0.0,0.0,16.0,0.0,0.0,0.0,0.0,0.0,0.0,0.0,16.0,0.0,0.0,0.0,0.0,0.0,0.0,0.0,16.0,0.0,0.0,0.0,0.0,0.0,0.0,0.0,16.0,0.0,0.0,0.0,0.0,0.0,0.0,0.0,16.0,0.0,0.0,0.0,0.0,0.0
0.0,0.0,0.0,0.0,0.0,0.0,0.0,2.0,0.0,0.0,0.0,0.0,0.0,2.0,25.0,14.0,0.0,0.0,0.0,0.0,0.0,14.0,22.0,1.0,0.0,0.0,0.0,0.0,0.0,2.0,0.0,0.0,29.0,0.0,0.0,0.0,0.0,0.0,0.0,16.0,112.0,1.0,0.0,0.0,7.0,33.0,105.0,160.0,7.0,0.0,0.0,0.0,103.0,171.0,91.0,23.0,0.0,0.0,0.0,0.0,22.0,13.0,0.0,0.0,66.0,5.0,0.0,0.0,0.0,0.0,0.0,2.0,171.0,31.0,0.0,0.0,39.0,19.0,10.0,42.0,50.0,4.0,0.0,0.0,171.0,100.0,9.0,9.0,0.0,0.0,0.0,0.0,70.0,11.0,0.0,0.0,40.0,5.0,0.0,0.0,0.0,0.0,0.0,0.0,171.0,42.0,0.0,0.0,26.0,3.0,0.0,0.0,65.0,8.0,0.0,0.0,171.0,42.0,0.0,0.0,0.0,0.0,0.0,0.0,77.0,9.0,0.0,0.0,0.0,0.0,16.0,0.0,0.0,0.0,0.0,0.0,0.0,0.0,16.0,0.0,0.0,0.0,0.0,0.0,0.0,0.0,16.0,0.0,0.0,0.0,0.0,0.0,0.0,0.0,16.0,0.0,0.0,0.0,0.0,0.0,0.0,0.0,16.0,0.0,0.0,0.0,0.0,0.0,0.0,0.0,16.0,0.0,0.0,0.0,0.0,0.0,0.0,0.0,16.0,0.0,0.0,0.0,0.0,0.0,0.0,0.0,16.0,0.0,0.0,0.0,0.0,0.0,0.0,0.0,16.0,0.0,0.0,0.0,0.0,0.0,0.0,0.0,16.0,0.0,0.0,0.0,0.0,0.0,0.0,0.0,16.0,0.0,0.0,0.0,0.0,0.0,0.0,0.0,16.0,0.0,0.0,0.0,0.0,0.0,0.0,0.0,16.0,0.0,0.0,0.0,0.0,0.0,0.0,0.0,16.0,0.0,0.0,0.0,0.0,0.0,0.0,0.0,16.0,0.0,0.0,0.0,0.0,0.0,0.0,0.0,16.0,0.0,0.0,0.0,0.0,0.0
1.0,0.0,0.0,0.0,0.0,0.0,0.0,2.0,0.0,0.0,0.0,0.0,0.0,1.0,15.0,8.0,0.0,0.0,0.0,0.0,0.0,7.0,18.0,1.0,0.0,0.0,0.0,0.0,0.0,1.0,10.0,1.0,21.0,0.0,0.0,0.0,0.0,0.0,0.0,15.0,80.0,1.0,0.0,0.0,0.0,11.0,110.0,135.0,6.0,0.0,0.0,0.0,0.0,104.0,151.0,27.0,0.0,0.0,0.0,0.0,0.0,11.0,151.0,35.0,47.0,6.0,0.0,0.0,0.0,0.0,0.0,3.0,151.0,49.0,0.0,0.0,0.0,4.0,21.0,47.0,77.0,13.0,6.0,2.0,0.0,47.0,151.0,26.0,1.0,2.0,26.0,6.0,1.0,8.0,151.0,29.0,23.0,4.0,0.0,0.0,0.0,0.0,0.0,4.0,151.0,46.0,1.0,3.0,0.0,0.0,0.0,19.0,87.0,23.0,51.0,113.0,4.0,0.0,1.0,3.0,0.0,1.0,151.0,85.0,1.0,0.0,1.0,1.0,0.0,0.0,16.0,0.0,0.0,0.0,0.0,0.0,0.0,0.0,16.0,0.0,0.0,0.0,0.0,0.0,0.0,0.0,16.0,0.0,0.0,0.0,0.0,0.0,0.0,0.0,16.0,0.0,0.0,0.0,0.0,0.0,0.0,0.0,16.0,0.0,0.0,0.0,0.0,0.0,0.0,0.0,16.0,0.0,0.0,0.0,0.0,0.0,0.0,0.0,16.0,0.0,0.0,0.0,0.0,0.0,0.0,0.0,16.0,0.0,0.0,0.0,0.0,0.0,0.0,0.0,16.0,0.0,0.0,0.0,0.0,0.0,0.0,0.0,16.0,0.0,0.0,0.0,0.0,0.0,0.0,0.0,16.0,0.0,0.0,0.0,0.0,0.0,0.0,0.0,16.0,0.0,0.0,0.0,0.0,0.0,0.0,0.0,16.0,0.0,0.0,0.0,0.0,0.0,0.0,0.0,16.0,0.0,0.0,0.0,0.0,0.0,0.0,0.0,16.0,0.0,0.0,0.0,0.0,0.0,0.0,0.0,16.0,0.0,0.0,0.0,0.0,0.0
60.0,29.0,0.0,0.0,0.0,0.0,0.0,18.0,146.0,103.0,1.0,5.0,1.0,0.0,0.0,102.0,31.0,13.0,22.0,146.0,27.0,0.0,0.0,21.0,0.0,0.0,65.0,146.0,4.0,0.0,0.0,0.0,51.0,18.0,0.0,0.0,0.0,0.0,0.0,4.0,146.0,94.0,10.0,29.0,12.0,0.0,0.0,19.0,47.0,18.0,13.0,146.0,146.0,0.0,0.0,1.0,0.0,0.0,9.0,98.0,42.0,0.0,0.0,0.0,37.0,14.0,1.0,0.0,0.0,0.0,0.0,2.0,140.0,96.0,97.0,65.0,2.0,0.0,0.0,8.0,8.0,9.0,60.0,146.0,49.0,0.0,0.0,0.0,0.0,0.0,0.0,17.0,12.0,0.0,0.0,0.0,1.0,5.0,1.0,0.0,0.0,0.0,0.0,0.0,1.0,15.0,28.0,8.0,0.0,0.0,0.0,0.0,0.0,0.0,11.0,16.0,0.0,0.0,0.0,0.0,0.0,0.0,0.0,1.0,0.0,0.0,0.0,0.0,0.0,0.0,0.0,0.0,0.0,0.0,0.0,0.0,0.0,0.0,0.0,0.0,0.0,0.0,0.0,0.0,0.0,0.0,0.0,0.0,0.0,0.0,0.0,0.0,0.0,0.0,0.0,0.0,0.0,0.0,0.0,0.0,0.0,0.0,0.0,0.0,0.0,0.0,0.0,0.0,0.0,0.0,0.0,0.0,0.0,0.0,0.0,0.0,0.0,0.0,0.0,0.0,0.0,0.0,0.0,0.0,0.0,0.0,0.0,0.0,0.0,0.0,0.0,0.0,0.0,0.0,0.0,0.0,0.0,0.0,0.0,0.0,0.0,0.0,0.0,0.0,0.0,0.0,0.0,0.0,0.0,0.0,0.0,0.0,0.0,0.0,0.0,0.0,0.0,0.0,0.0,0.0,0.0,0.0,0.0,0.0,0.0,0.0,0.0,0.0,0.0,0.0,0.0,0.0,0.0,0.0,0.0,0.0,0.0,0.0,0.0,0.0,0.0,0.0,0.0,0.0,0.0,0.0,0.0,0.0,0.0,0.0,0.0,0.0,0.0,0.0,0.0,0.0
16.0,0.0,0.0,0.0,0.0,0.0,1.0,15.0,41.0,0.0,0.0,0.0,3.0,36.0,95.0,110.0,1.0,0.0,0.0,0.0,36.0,119.0,54.0,10.0,0.0,0.0,0.0,0.0,5.0,5.0,0.0,0.0,88.0,5.0,0.0,0.0,0.0,0.0,0.0,9.0,146.0,47.0,8.0,14.0,45.0,54.0,35.0,128.0,19.0,8.0,6.0,43.0,146.0,146.0,22.0,21.0,0.0,0.0,0.0,2.0,40.0,11.0,0.0,0.0,41.0,25.0,0.0,0.0,0.0,0.0,0.0,0.0,146.0,146.0,118.0,54.0,16.0,1.0,0.0,3.0,7.0,27.0,93.0,146.0,146.0,6.0,0.0,1.0,0.0,0.0,0.0,12.0,24.0,1.0,0.0,0.0,1.0,3.0,0.0,0.0,0.0,0.0,0.0,0.0,1.0,23.0,35.0,5.0,0.0,0.0,0.0,0.0,0.0,2.0,28.0,25.0,1.0,0.0,0.0,0.0,0.0,0.0,0.0,2.0,0.0,0.0,0.0,0.0,0.0,0.0,16.0,0.0,0.0,0.0,0.0,0.0,0.0,0.0,16.0,0.0,0.0,0.0,0.0,0.0,0.0,0.0,16.0,0.0,0.0,0.0,0.0,0.0,0.0,0.0,16.0,0.0,0.0,0.0,0.0,0.0,0.0,0.0,16.0,0.0,0.0,0.0,0.0,0.0,0.0,0.0,16.0,0.0,0.0,0.0,0.0,0.0,0.0,0.0,16.0,0.0,0.0,0.0,0.0,0.0,0.0,0.0,16.0,0.0,0.0,0.0,0.0,0.0,0.0,0.0,16.0,0.0,0.0,0.0,0.0,0.0,0.0,0.0,16.0,0.0,0.0,0.0,0.0,0.0,0.0,0.0,16.0,0.0,0.0,0.0,0.0,0.0,0.0,0.0,16.0,0.0,0.0,0.0,0.0,0.0,0.0,0.0,16.0,0.0,0.0,0.0,0.0,0.0,0.0,0.0,16.0,0.0,0.0,0.0,0.0,0.0,0.0,0.0,16.0,0.0,0.0,0.0,0.0,0.0,0.0,0.0,16.0,0.0,0.0,0.0,0.0,0.0
5.0,0.0,0.0,0.0,0.0,0.0,0.0,8.0,12.0,0.0,0.0,0.0,0.0,17.0,69.0,64.0,0.0,0.0,0.0,0.0,6.0,71.0,50.0,6.0,0.0,0.0,0.0,0.0,2.0,5.0,0.0,0.0,60.0,1.0,0.0,0.0,0.0,2.0,5.0,15.0,146.0,24.0,3.0,6.0,27.0,58.0,81.0,146.0,20.0,5.0,3.0,22.0,146.0,146.0,66.0,31.0,0.0,0.0,0.0,1.0,41.0,13.0,0.0,0.0,44.0,14.0,1.0,4.0,23.0,61.0,44.0,11.0,146.0,146.0,102.0,45.0,28.0,9.0,2.0,13.0,16.0,38.0,92.0,146.0,146.0,16.0,1.0,3.0,0.0,0.0,0.0,13.0,40.0,1.0,0.0,0.0,4.0,13.0,34.0,56.0,45.0,24.0,7.0,3.0,2.0,40.0,54.0,16.0,11.0,2.0,0.0,0.0,0.0,6.0,50.0,45.0,4.0,0.0,0.0,0.0,0.0,0.0,0.0,4.0,2.0,0.0,0.0,0.0,0.0,0.0,0.0,0.0,0.0,0.0,0.0,0.0,0.0,0.0,0.0,0.0,0.0,0.0,0.0,0.0,0.0,0.0,0.0,0.0,0.0,0.0,0.0,0.0,0.0,0.0,0.0,0.0,0.0,0.0,0.0,0.0,0.0,0.0,0.0,0.0,0.0,0.0,0.0,0.0,0.0,0.0,0.0,0.0,0.0,0.0,0.0,0.0,0.0,0.0,0.0,0.0,0.0,0.0,0.0,0.0,0.0,0.0,0.0,0.0,0.0,0.0,0.0,0.0,0.0,0.0,0.0,0.0,0.0,0.0,0.0,0.0,0.0,0.0,0.0,0.0,0.0,0.0,0.0,0.0,0.0,0.0,0.0,0.0,0.0,0.0,0.0,0.0,0.0,0.0,0.0,0.0,0.0,0.0,0.0,0.0,0.0,0.0,0.0,0.0,0.0,0.0,0.0,0.0,0.0,0.0,0.0,0.0,0.0,0.0,0.0,0.0,0.0,0.0,0.0,0.0,0.0,0.0,0.0,0.0,0.0,0.0,0.0,0.0,0.0,0.0,0.0,0.0
0.0,0.0,0.0,0.0,0.0,0.0,0.0,0.0,22.0,4.0,0.0,0.0,3.0,23.0,2.0,4.0,5.0,1.0,0.0,0.0,69.0,155.0,3.0,3.0,0.0,0.0,0.0,0.0,19.0,19.0,0.0,0.0,36.0,2.0,0.0,0.0,0.0,0.0,0.0,4.0,155.0,41.0,9.0,9.0,32.0,21.0,4.0,35.0,61.0,10.0,10.0,42.0,155.0,120.0,4.0,10.0,0.0,0.0,0.0,2.0,93.0,22.0,0.0,0.0,41.0,22.0,1.0,0.0,0.0,0.0,0.0,3.0,155.0,155.0,143.0,32.0,8.0,0.0,0.0,9.0,15.0,27.0,155.0,155.0,140.0,6.0,0.0,1.0,0.0,0.0,4.0,36.0,49.0,6.0,0.0,0.0,1.0,7.0,1.0,0.0,0.0,0.0,0.0,0.0,1.0,25.0,42.0,4.0,0.0,0.0,0.0,0.0,0.0,1.0,43.0,24.0,0.0,0.0,0.0,0.0,0.0,0.0,2.0,7.0,0.0,0.0,0.0,0.0,0.0,0.0,16.0,0.0,0.0,0.0,0.0,0.0,0.0,0.0,16.0,0.0,0.0,0.0,0.0,0.0,0.0,0.0,16.0,0.0,0.0,0.0,0.0,0.0,0.0,0.0,16.0,0.0,0.0,0.0,0.0,0.0,0.0,0.0,16.0,0.0,0.0,0.0,0.0,0.0,0.0,0.0,16.0,0.0,0.0,0.0,0.0,0.0,0.0,0.0,16.0,0.0,0.0,0.0,0.0,0.0,0.0,0.0,16.0,0.0,0.0,0.0,0.0,0.0,0.0,0.0,16.0,0.0,0.0,0.0,0.0,0.0,0.0,0.0,16.0,0.0,0.0,0.0,0.0,0.0,0.0,0.0,16.0,0.0,0.0,0.0,0.0,0.0,0.0,0.0,16.0,0.0,0.0,0.0,0.0,0.0,0.0,0.0,16.0,0.0,0.0,0.0,0.0,0.0,0.0,0.0,16.0,0.0,0.0,0.0,0.0,0.0,0.0,0.0,16.0,0.0,0.0,0.0,0.0,0.0,0.0,0.0,16.0,0.0,0.0,0.0,0.0,0.0
43.0,62.0,0.0,0.0,0.0,2.0,0.0,0.0,131.0,94.0,0.0,0.0,3.0,64.0,81.0,18.0,18.0,3.0,0.0,8.0,41.0,137.0,137.0,7.0,0.0,0.0,0.0,6.0,57.0,65.0,16.0,0.0,35.0,14.0,0.0,0.0,0.0,0.0,0.0,3.0,137.0,87.0,12.0,13.0,1.0,1.0,6.0,26.0,77.0,17.0,17.0,137.0,137.0,35.0,19.0,7.0,0.0,0.0,0.0,91.0,116.0,14.0,1.0,0.0,17.0,9.0,0.0,0.0,0.0,0.0,0.0,1.0,104.0,134.0,102.0,23.0,0.0,0.0,0.0,5.0,11.0,26.0,115.0,137.0,31.0,0.0,0.0,0.0,0.0,0.0,0.0,41.0,15.0,0.0,0.0,0.0,0.0,1.0,0.0,0.0,0.0,0.0,0.0,0.0,0.0,8.0,15.0,1.0,0.0,0.0,0.0,0.0,0.0,1.0,16.0,8.0,0.0,0.0,0.0,0.0,0.0,0.0,0.0,1.0,0.0,0.0,0.0,0.0,0.0,0.0,16.0,0.0,0.0,0.0,0.0,0.0,0.0,0.0,16.0,0.0,0.0,0.0,0.0,0.0,0.0,0.0,16.0,0.0,0.0,0.0,0.0,0.0,0.0,0.0,16.0,0.0,0.0,0.0,0.0,0.0,0.0,0.0,16.0,0.0,0.0,0.0,0.0,0.0,0.0,0.0,16.0,0.0,0.0,0.0,0.0,0.0,0.0,0.0,16.0,0.0,0.0,0.0,0.0,0.0,0.0,0.0,16.0,0.0,0.0,0.0,0.0,0.0,0.0,0.0,16.0,0.0,0.0,0.0,0.0,0.0,0.0,0.0,16.0,0.0,0.0,0.0,0.0,0.0,0.0,0.0,16.0,0.0,0.0,0.0,0.0,0.0,0.0,0.0,16.0,0.0,0.0,0.0,0.0,0.0,0.0,0.0,16.0,0.0,0.0,0.0,0.0,0.0,0.0,0.0,16.0,0.0,0.0,0.0,0.0,0.0,0.0,0.0,16.0,0.0,0.0,0.0,0.0,0.0,0.0,0.0,16.0,0.0,0.0,0.0,0.0,0.0
0.0,0.0,0.0,0.0,0.0,0.0,0.0,0.0,0.0,0.0,0.0,0.0,0.0,10.0,2.0,0.0,0.0,0.0,0.0,0.0,1.0,36.0,6.0,0.0,0.0,0.0,0.0,0.0,1.0,3.0,0.0,0.0,13.0,5.0,0.0,0.0,0.0,0.0,0.0,0.0,145.0,29.0,0.0,0.0,16.0,80.0,35.0,15.0,14.0,0.0,0.0,1.0,162.0,162.0,41.0,6.0,0.0,0.0,0.0,0.0,32.0,15.0,0.0,0.0,74.0,5.0,0.0,0.0,0.0,0.0,0.0,11.0,162.0,42.0,16.0,16.0,58.0,10.0,4.0,43.0,41.0,5.0,16.0,50.0,162.0,76.0,3.0,5.0,0.0,0.0,0.0,4.0,63.0,26.0,0.0,0.0,38.0,22.0,2.0,0.0,0.0,0.0,0.0,5.0,114.0,111.0,141.0,38.0,7.0,0.0,0.0,7.0,5.0,8.0,133.0,146.0,70.0,12.0,0.0,0.0,0.0,0.0,5.0,27.0,26.0,7.0,0.0,0.0,0.0,0.0,16.0,0.0,0.0,0.0,0.0,0.0,0.0,0.0,16.0,0.0,0.0,0.0,0.0,0.0,0.0,0.0,16.0,0.0,0.0,0.0,0.0,0.0,0.0,0.0,16.0,0.0,0.0,0.0,0.0,0.0,0.0,0.0,16.0,0.0,0.0,0.0,0.0,0.0,0.0,0.0,16.0,0.0,0.0,0.0,0.0,0.0,0.0,0.0,16.0,0.0,0.0,0.0,0.0,0.0,0.0,0.0,16.0,0.0,0.0,0.0,0.0,0.0,0.0,0.0,16.0,0.0,0.0,0.0,0.0,0.0,0.0,0.0,16.0,0.0,0.0,0.0,0.0,0.0,0.0,0.0,16.0,0.0,0.0,0.0,0.0,0.0,0.0,0.0,16.0,0.0,0.0,0.0,0.0,0.0,0.0,0.0,16.0,0.0,0.0,0.0,0.0,0.0,0.0,0.0,16.0,0.0,0.0,0.0,0.0,0.0,0.0,0.0,16.0,0.0,0.0,0.0,0.0,0.0,0.0,0.0,16.0,0.0,0.0,0.0,0.0,0.0
39.0,10.0,0.0,0.0,0.0,0.0,0.0,3.0,163.0,40.0,0.0,0.0,48.0,46.0,12.0,35.0,15.0,2.0,0.0,0.0,163.0,105.0,4.0,5.0,0.0,0.0,0.0,0.0,9.0,4.0,0.0,0.0,52.0,3.0,0.0,0.0,0.0,0.0,0.0,1.0,163.0,15.0,0.0,4.0,57.0,24.0,2.0,27.0,47.0,3.0,0.0,17.0,163.0,99.0,1.0,7.0,0.0,0.0,0.0,1.0,33.0,8.0,0.0,0.0,46.0,6.0,0.0,0.0,0.0,0.0,0.0,2.0,163.0,76.0,24.0,64.0,28.0,1.0,0.0,8.0,30.0,14.0,14.0,163.0,163.0,10.0,0.0,0.0,0.0,0.0,0.0,10.0,24.0,2.0,0.0,0.0,8.0,8.0,0.0,0.0,0.0,0.0,0.0,0.0,31.0,77.0,50.0,34.0,3.0,0.0,0.0,0.0,1.0,6.0,26.0,81.0,18.0,0.0,0.0,0.0,0.0,0.0,0.0,3.0,1.0,0.0,0.0,0.0,0.0,0.0,16.0,0.0,0.0,0.0,0.0,0.0,0.0,0.0,16.0,0.0,0.0,0.0,0.0,0.0,0.0,0.0,16.0,0.0,0.0,0.0,0.0,0.0,0.0,0.0,16.0,0.0,0.0,0.0,0.0,0.0,0.0,0.0,16.0,0.0,0.0,0.0,0.0,0.0,0.0,0.0,16.0,0.0,0.0,0.0,0.0,0.0,0.0,0.0,16.0,0.0,0.0,0.0,0.0,0.0,0.0,0.0,16.0,0.0,0.0,0.0,0.0,0.0,0.0,0.0,16.0,0.0,0.0,0.0,0.0,0.0,0.0,0.0,16.0,0.0,0.0,0.0,0.0,0.0,0.0,0.0,16.0,0.0,0.0,0.0,0.0,0.0,0.0,0.0,16.0,0.0,0.0,0.0,0.0,0.0,0.0,0.0,16.0,0.0,0.0,0.0,0.0,0.0,0.0,0.0,16.0,0.0,0.0,0.0,0.0,0.0,0.0,0.0,16.0,0.0,0.0,0.0,0.0,0.0,0.0,0.0,16.0,0.0,0.0,0.0,0.0,0.0
1.0,0.0,0.0,0.0,0.0,0.0,1.0,4.0,1.0,0.0,0.0,0.0,0.0,5.0,35.0,13.0,0.0,0.0,0.0,0.0,0.0,12.0,26.0,0.0,0.0,0.0,0.0,0.0,0.0,2.0,1.0,0.0,38.0,2.0,0.0,0.0,0.0,0.0,1.0,13.0,138.0,12.0,0.0,0.0,5.0,33.0,131.0,100.0,8.0,1.0,0.0,1.0,97.0,138.0,131.0,9.0,0.0,0.0,0.0,1.0,32.0,22.0,2.0,0.0,59.0,6.0,0.0,0.0,0.0,0.0,0.0,3.0,138.0,49.0,9.0,1.0,11.0,17.0,10.0,48.0,41.0,10.0,24.0,12.0,138.0,138.0,10.0,15.0,0.0,0.0,1.0,4.0,48.0,134.0,0.0,0.0,23.0,10.0,0.0,0.0,0.0,0.0,0.0,1.0,108.0,125.0,102.0,1.0,0.0,1.0,0.0,6.0,9.0,28.0,138.0,40.0,23.0,46.0,0.0,2.0,0.0,4.0,63.0,31.0,47.0,67.0,0.0,0.0,0.0,0.0,0.0,0.0,0.0,0.0,0.0,0.0,0.0,0.0,0.0,0.0,0.0,0.0,0.0,0.0,0.0,0.0,0.0,0.0,0.0,0.0,0.0,0.0,0.0,0.0,0.0,0.0,0.0,0.0,0.0,0.0,0.0,0.0,0.0,0.0,0.0,0.0,0.0,0.0,0.0,0.0,0.0,0.0,0.0,0.0,0.0,0.0,0.0,0.0,0.0,0.0,0.0,0.0,0.0,0.0,0.0,0.0,0.0,0.0,0.0,0.0,0.0,0.0,0.0,0.0,0.0,0.0,0.0,0.0,0.0,0.0,0.0,0.0,0.0,0.0,0.0,0.0,0.0,0.0,0.0,0.0,0.0,0.0,0.0,0.0,0.0,0.0,0.0,0.0,0.0,0.0,0.0,0.0,0.0,0.0,0.0,0.0,0.0,0.0,0.0,0.0,0.0,0.0,0.0,0.0,0.0,0.0,0.0,0.0,0.0,0.0,0.0,0.0,0.0,0.0,0.0,0.0,0.0,0.0,0.0,0.0,0.0,0.0,0.0,0.0,0.0,0.0
36.0,15.0,0.0,0.0,0.0,0.0,0.0,3.0,158.0,63.0,0.0,4.0,9.0,3.0,1.0,16.0,56.0,8.0,0.0,52.0,158.0,39.0,1.0,2.0,0.0,0.0,0.0,13.0,88.0,9.0,0.0,0.0,48.0,1.0,0.0,0.0,0.0,0.0,0.0,5.0,158.0,10.0,4.0,24.0,26.0,0.0,0.0,24.0,58.0,5.0,3.0,158.0,158.0,0.0,0.0,2.0,0.0,0.0,0.0,26.0,53.0,0.0,0.0,0.0,53.0,0.0,0.0,1.0,0.0,0.0,0.0,44.0,158.0,23.0,37.0,124.0,11.0,0.0,0.0,55.0,12.0,6.0,22.0,158.0,85.0,0.0,0.0,0.0,0.0,0.0,0.0,11.0,11.0,0.0,0.0,0.0,54.0,15.0,8.0,8.0,1.0,0.0,0.0,25.0,26.0,7.0,18.0,114.0,27.0,0.0,0.0,13.0,0.0,0.0,3.0,44.0,4.0,0.0,0.0,0.0,0.0,0.0,0.0,1.0,0.0,0.0,0.0,0.0,0.0,0.0,16.0,0.0,0.0,0.0,0.0,0.0,0.0,0.0,16.0,0.0,0.0,0.0,0.0,0.0,0.0,0.0,16.0,0.0,0.0,0.0,0.0,0.0,0.0,0.0,16.0,0.0,0.0,0.0,0.0,0.0,0.0,0.0,16.0,0.0,0.0,0.0,0.0,0.0,0.0,0.0,16.0,0.0,0.0,0.0,0.0,0.0,0.0,0.0,16.0,0.0,0.0,0.0,0.0,0.0,0.0,0.0,16.0,0.0,0.0,0.0,0.0,0.0,0.0,0.0,16.0,0.0,0.0,0.0,0.0,0.0,0.0,0.0,16.0,0.0,0.0,0.0,0.0,0.0,0.0,0.0,16.0,0.0,0.0,0.0,0.0,0.0,0.0,0.0,16.0,0.0,0.0,0.0,0.0,0.0,0.0,0.0,16.0,0.0,0.0,0.0,0.0,0.0,0.0,0.0,16.0,0.0,0.0,0.0,0.0,0.0,0.0,0.0,16.0,0.0,0.0,0.0,0.0,0.0,0.0,0.0,16.0,0.0,0.0,0.0,0.0,0.0
2.0,0.0,1.0,1.0,0.0,0.0,1.0,7.0,2.0,0.0,0.0,0.0,0.0,8.0,62.0,33.0,0.0,0.0,0.0,0.0,2.0,36.0,42.0,2.0,0.0,0.0,0.0,0.0,1.0,3.0,0.0,0.0,66.0,4.0,0.0,0.0,0.0,0.0,1.0,29.0,139.0,38.0,8.0,8.0,18.0,66.0,139.0,139.0,7.0,6.0,6.0,25.0,139.0,139.0,103.0,24.0,0.0,0.0,0.0,1.0,36.0,16.0,0.0,0.0,57.0,30.0,1.0,0.0,0.0,0.0,0.0,2.0,139.0,139.0,139.0,46.0,17.0,10.0,5.0,25.0,6.0,28.0,136.0,139.0,139.0,37.0,4.0,4.0,0.0,0.0,0.0,17.0,40.0,3.0,0.0,0.0,1.0,5.0,1.0,0.0,0.0,0.0,0.0,0.0,1.0,28.0,54.0,4.0,0.0,0.0,0.0,0.0,0.0,2.0,46.0,28.0,1.0,0.0,0.0,0.0,0.0,0.0,1.0,4.0,1.0,0.0,0.0,0.0,0.0,0.0,16.0,0.0,0.0,0.0,0.0,0.0,0.0,0.0,16.0,0.0,0.0,0.0,0.0,0.0,0.0,0.0,16.0,0.0,0.0,0.0,0.0,0.0,0.0,0.0,16.0,0.0,0.0,0.0,0.0,0.0,0.0,0.0,16.0,0.0,0.0,0.0,0.0,0.0,0.0,0.0,16.0,0.0,0.0,0.0,0.0,0.0,0.0,0.0,16.0,0.0,0.0,0.0,0.0,0.0,0.0,0.0,16.0,0.0,0.0,0.0,0.0,0.0,0.0,0.0,16.0,0.0,0.0,0.0,0.0,0.0,0.0,0.0,16.0,0.0,0.0,0.0,0.0,0.0,0.0,0.0,16.0,0.0,0.0,0.0,0.0,0.0,0.0,0.0,16.0,0.0,0.0,0.0,0.0,0.0,0.0,0.0,16.0,0.0,0.0,0.0,0.0,0.0,0.0,0.0,16.0,0.0,0.0,0.0,0.0,0.0,0.0,0.0,16.0,0.0,0.0,0.0,0.0,0.0,0.0,0.0,16.0,0.0,0.0,0.0,0.0,0.0
56.0,31.0,0.0,0.0,0.0,0.0,1.0,16.0,137.0,137.0,1.0,3.0,6.0,13.0,88.0,58.0,15.0,18.0,1.0,54.0,137.0,113.0,82.0,5.0,0.0,0.0,0.0,18.0,66.0,23.0,1.0,0.0,31.0,19.0,0.0,0.0,0.0,0.0,0.0,2.0,137.0,120.0,5.0,14.0,23.0,0.0,0.0,31.0,63.0,23.0,6.0,126.0,137.0,1.0,0.0,8.0,0.0,0.0,0.0,24.0,66.0,0.0,0.0,0.0,16.0,7.0,0.0,0.0,0.0,0.0,0.0,0.0,126.0,137.0,68.0,28.0,6.0,0.0,0.0,4.0,14.0,35.0,77.0,137.0,111.0,0.0,0.0,1.0,0.0,0.0,0.0,13.0,22.0,0.0,0.0,0.0,0.0,1.0,0.0,0.0,0.0,0.0,0.0,0.0,1.0,15.0,19.0,2.0,0.0,0.0,0.0,0.0,0.0,3.0,21.0,15.0,1.0,0.0,0.0,0.0,0.0,0.0,0.0,1.0,0.0,0.0,0.0,0.0,0.0,0.0,16.0,0.0,0.0,0.0,0.0,0.0,0.0,0.0,16.0,0.0,0.0,0.0,0.0,0.0,0.0,0.0,16.0,0.0,0.0,0.0,0.0,0.0,0.0,0.0,16.0,0.0,0.0,0.0,0.0,0.0,0.0,0.0,16.0,0.0,0.0,0.0,0.0,0.0,0.0,0.0,16.0,0.0,0.0,0.0,0.0,0.0,0.0,0.0,16.0,0.0,0.0,0.0,0.0,0.0,0.0,0.0,16.0,0.0,0.0,0.0,0.0,0.0,0.0,0.0,16.0,0.0,0.0,0.0,0.0,0.0,0.0,0.0,16.0,0.0,0.0,0.0,0.0,0.0,0.0,0.0,16.0,0.0,0.0,0.0,0.0,0.0,0.0,0.0,16.0,0.0,0.0,0.0,0.0,0.0,0.0,0.0,16.0,0.0,0.0,0.0,0.0,0.0,0.0,0.0,16.0,0.0,0.0,0.0,0.0,0.0,0.0,0.0,16.0,0.0,0.0,0.0,0.0,0.0,0.0,0.0,16.0,0.0,0.0,0.0,0.0,0.0
0.0,0.0,0.0,0.0,0.0,0.0,0.0,2.0,1.0,0.0,0.0,0.0,0.0,2.0,28.0,24.0,0.0,0.0,0.0,0.0,1.0,23.0,35.0,5.0,0.0,0.0,0.0,0.0,1.0,3.0,0.0,0.0,24.0,1.0,0.0,0.0,0.0,0.0,0.0,12.0,145.0,5.0,0.0,1.0,7.0,27.0,93.0,145.0,16.0,1.0,0.0,4.0,145.0,145.0,118.0,54.0,0.0,0.0,0.0,0.0,41.0,24.0,0.0,0.0,42.0,11.0,0.0,0.0,0.0,0.0,0.0,2.0,145.0,145.0,23.0,23.0,20.0,8.0,6.0,45.0,44.0,49.0,34.0,135.0,145.0,45.0,8.0,14.0,0.0,0.0,0.0,10.0,83.0,4.0,0.0,0.0,6.0,5.0,0.0,0.0,0.0,0.0,0.0,0.0,38.0,119.0,57.0,11.0,1.0,0.0,0.0,0.0,3.0,33.0,92.0,111.0,41.0,0.0,0.0,0.0,0.0,0.0,1.0,13.0,15.0,0.0,0.0,0.0,0.0,0.0,16.0,0.0,0.0,0.0,0.0,0.0,0.0,0.0,16.0,0.0,0.0,0.0,0.0,0.0,0.0,0.0,16.0,0.0,0.0,0.0,0.0,0.0,0.0,0.0,16.0,0.0,0.0,0.0,0.0,0.0,0.0,0.0,16.0,0.0,0.0,0.0,0.0,0.0,0.0,0.0,16.0,0.0,0.0,0.0,0.0,0.0,0.0,0.0,16.0,0.0,0.0,0.0,0.0,0.0,0.0,0.0,16.0,0.0,0.0,0.0,0.0,0.0,0.0,0.0,16.0,0.0,0.0,0.0,0.0,0.0,0.0,0.0,16.0,0.0,0.0,0.0,0.0,0.0,0.0,0.0,16.0,0.0,0.0,0.0,0.0,0.0,0.0,0.0,16.0,0.0,0.0,0.0,0.0,0.0,0.0,0.0,16.0,0.0,0.0,0.0,0.0,0.0,0.0,0.0,16.0,0.0,0.0,0.0,0.0,0.0,0.0,0.0,16.0,0.0,0.0,0.0,0.0,0.0,0.0,0.0,16.0,0.0,0.0,0.0,0.0,0.0
3.0,0.0,0.0,0.0,0.0,0.0,0.0,9.0,7.0,0.0,0.0,0.0,0.0,14.0,59.0,77.0,0.0,0.0,0.0,0.0,6.0,77.0,49.0,9.0,0.0,0.0,0.0,0.0,2.0,6.0,0.0,0.0,55.0,6.0,0.0,0.0,0.0,0.0,0.0,26.0,149.0,48.0,5.0,8.0,19.0,55.0,86.0,149.0,15.0,9.0,5.0,30.0,149.0,149.0,75.0,39.0,0.0,0.0,0.0,2.0,46.0,24.0,0.0,0.0,40.0,30.0,0.0,0.0,0.0,0.0,0.0,2.0,149.0,149.0,96.0,42.0,14.0,5.0,2.0,17.0,11.0,52.0,103.0,149.0,149.0,23.0,2.0,4.0,3.0,0.0,0.0,22.0,43.0,3.0,0.0,2.0,1.0,5.0,0.0,0.0,0.0,0.0,0.0,0.0,2.0,49.0,39.0,6.0,0.0,0.0,0.0,0.0,0.0,8.0,47.0,49.0,2.0,0.0,0.0,0.0,3.0,2.0,1.0,6.0,1.0,0.0,0.0,0.0,0.0,0.0,16.0,0.0,0.0,0.0,0.0,0.0,0.0,0.0,16.0,0.0,0.0,0.0,0.0,0.0,0.0,0.0,16.0,0.0,0.0,0.0,0.0,0.0,0.0,0.0,16.0,0.0,0.0,0.0,0.0,0.0,0.0,0.0,16.0,0.0,0.0,0.0,0.0,0.0,0.0,0.0,16.0,0.0,0.0,0.0,0.0,0.0,0.0,0.0,16.0,0.0,0.0,0.0,0.0,0.0,0.0,0.0,16.0,0.0,0.0,0.0,0.0,0.0,0.0,0.0,16.0,0.0,0.0,0.0,0.0,0.0,0.0,0.0,16.0,0.0,0.0,0.0,0.0,0.0,0.0,0.0,16.0,0.0,0.0,0.0,0.0,0.0,0.0,0.0,16.0,0.0,0.0,0.0,0.0,0.0,0.0,0.0,16.0,0.0,0.0,0.0,0.0,0.0,0.0,0.0,16.0,0.0,0.0,0.0,0.0,0.0,0.0,0.0,16.0,0.0,0.0,0.0,0.0,0.0,0.0,0.0,16.0,0.0,0.0,0.0,0.0,0.0
1.0,0.0,0.0,1.0,6.0,3.0,1.0,6.0,2.0,0.0,0.0,0.0,0.0,7.0,46.0,49.0,0.0,0.0,0.0,0.0,2.0,49.0,41.0,6.0,0.0,0.0,0.0,0.0,1.0,5.0,0.0,0.0,43.0,2.0,0.0,3.0,3.0,0.0,0.0,22.0,149.0,21.0,2.0,4.0,12.0,49.0,103.0,149.0,15.0,5.0,2.0,19.0,149.0,149.0,97.0,44.0,0.0,0.0,0.0,2.0,41.0,29.0,0.0,0.0,49.0,23.0,0.0,0.0,0.0,0.0,0.0,2.0,149.0,149.0,77.0,44.0,15.0,8.0,5.0,32.0,19.0,50.0,82.0,149.0,149.0,45.0,5.0,8.0,0.0,0.0,0.0,26.0,53.0,5.0,0.0,0.0,3.0,7.0,0.0,0.0,0.0,0.0,0.0,0.0,7.0,77.0,52.0,11.0,0.0,0.0,0.0,0.0,0.0,12.0,56.0,79.0,6.0,0.0,0.0,0.0,0.0,0.0,0.0,8.0,2.0,0.0,0.0,0.0,0.0,0.0,16.0,0.0,0.0,0.0,0.0,0.0,0.0,0.0,16.0,0.0,0.0,0.0,0.0,0.0,0.0,0.0,16.0,0.0,0.0,0.0,0.0,0.0,0.0,0.0,16.0,0.0,0.0,0.0,0.0,0.0,0.0,0.0,16.0,0.0,0.0,0.0,0.0,0.0,0.0,0.0,16.0,0.0,0.0,0.0,0.0,0.0,0.0,0.0,16.0,0.0,0.0,0.0,0.0,0.0,0.0,0.0,16.0,0.0,0.0,0.0,0.0,0.0,0.0,0.0,16.0,0.0,0.0,0.0,0.0,0.0,0.0,0.0,16.0,0.0,0.0,0.0,0.0,0.0,0.0,0.0,16.0,0.0,0.0,0.0,0.0,0.0,0.0,0.0,16.0,0.0,0.0,0.0,0.0,0.0,0.0,0.0,16.0,0.0,0.0,0.0,0.0,0.0,0.0,0.0,16.0,0.0,0.0,0.0,0.0,0.0,0.0,0.0,16.0,0.0,0.0,0.0,0.0,0.0,0.0,0.0,16.0,0.0,0.0,0.0,0.0,0.0
0.0,0.0,0.0,0.0,0.0,0.0,0.0,2.0,0.0,0.0,0.0,0.0,0.0,3.0,22.0,15.0,0.0,0.0,0.0,0.0,1.0,15.0,17.0,2.0,0.0,0.0,0.0,0.0,0.0,1.0,0.0,0.0,23.0,1.0,0.0,0.0,0.0,0.0,0.0,10.0,129.0,2.0,0.0,0.0,11.0,40.0,85.0,145.0,9.0,0.0,0.0,0.0,111.0,145.0,69.0,23.0,0.0,0.0,0.0,0.0,15.0,9.0,0.0,0.0,47.0,4.0,0.0,0.0,0.0,0.0,0.0,2.0,145.0,31.0,0.0,0.0,35.0,22.0,7.0,38.0,55.0,4.0,0.0,0.0,145.0,145.0,11.0,9.0,0.0,0.0,0.0,0.0,34.0,75.0,4.0,0.0,30.0,6.0,0.0,0.0,0.0,0.0,0.0,3.0,145.0,97.0,46.0,1.0,2.0,6.0,1.0,19.0,36.0,30.0,135.0,67.0,55.0,137.0,6.0,4.0,0.0,0.0,12.0,47.0,83.0,69.0,2.0,0.0,0.0,0.0,16.0,0.0,0.0,0.0,0.0,0.0,0.0,0.0,16.0,0.0,0.0,0.0,0.0,0.0,0.0,0.0,16.0,0.0,0.0,0.0,0.0,0.0,0.0,0.0,16.0,0.0,0.0,0.0,0.0,0.0,0.0,0.0,16.0,0.0,0.0,0.0,0.0,0.0,0.0,0.0,16.0,0.0,0.0,0.0,0.0,0.0,0.0,0.0,16.0,0.0,0.0,0.0,0.0,0.0,0.0,0.0,16.0,0.0,0.0,0.0,0.0,0.0,0.0,0.0,16.0,0.0,0.0,0.0,0.0,0.0,0.0,0.0,16.0,0.0,0.0,0.0,0.0,0.0,0.0,0.0,16.0,0.0,0.0,0.0,0.0,0.0,0.0,0.0,16.0,0.0,0.0,0.0,0.0,0.0,0.0,0.0,16.0,0.0,0.0,0.0,0.0,0.0,0.0,0.0,16.0,0.0,0.0,0.0,0.0,0.0,0.0,0.0,16.0,0.0,0.0,0.0,0.0,0.0,0.0,0.0,16.0,0.0,0.0,0.0,0.0,0.0
0.0,0.0,0.0,0.0,0.0,0.0,0.0,1.0,0.0,0.0,0.0,0.0,0.0,1.0,14.0,10.0,0.0,0.0,0.0,0.0,0.0,10.0,15.0,2.0,0.0,0.0,0.0,0.0,0.0,1.0,0.0,0.0,16.0,0.0,0.0,0.0,0.0,0.0,0.0,12.0,89.0,1.0,0.0,0.0,2.0,28.0,87.0,145.0,7.0,0.0,0.0,0.0,44.0,145.0,92.0,33.0,0.0,0.0,0.0,0.0,8.0,38.0,8.0,0.0,46.0,6.0,0.0,0.0,0.0,0.0,0.0,3.0,145.0,62.0,5.0,1.0,3.0,20.0,11.0,54.0,58.0,18.0,30.0,34.0,56.0,145.0,36.0,15.0,0.0,2.0,21.0,18.0,13.0,145.0,84.0,0.0,13.0,8.0,0.0,0.0,0.0,0.0,0.0,0.0,115.0,145.0,57.0,6.0,0.0,0.0,0.0,0.0,17.0,47.0,145.0,131.0,7.0,15.0,1.0,0.0,0.0,22.0,125.0,50.0,7.0,27.0,11.0,0.0,0.0,0.0,16.0,0.0,0.0,0.0,0.0,0.0,0.0,0.0,16.0,0.0,0.0,0.0,0.0,0.0,0.0,0.0,16.0,0.0,0.0,0.0,0.0,0.0,0.0,0.0,16.0,0.0,0.0,0.0,0.0,0.0,0.0,0.0,16.0,0.0,0.0,0.0,0.0,0.0,0.0,0.0,16.0,0.0,0.0,0.0,0.0,0.0,0.0,0.0,16.0,0.0,0.0,0.0,0.0,0.0,0.0,0.0,16.0,0.0,0.0,0.0,0.0,0.0,0.0,0.0,16.0,0.0,0.0,0.0,0.0,0.0,0.0,0.0,16.0,0.0,0.0,0.0,0.0,0.0,0.0,0.0,16.0,0.0,0.0,0.0,0.0,0.0,0.0,0.0,16.0,0.0,0.0,0.0,0.0,0.0,0.0,0.0,16.0,0.0,0.0,0.0,0.0,0.0,0.0,0.0,16.0,0.0,0.0,0.0,0.0,0.0,0.0,0.0,16.0,0.0,0.0,0.0,0.0,0.0,0.0,0.0,16.0,0.0,0.0,0.0,0.0,0.0
1.0,0.0,0.0,0.0,2.0,0.0,0.0,0.0,7.0,0.0,0.0,0.0,0.0,0.0,0.0,1.0,1.0,0.0,0.0,0.0,2.0,0.0,0.0,0.0,0.0,0.0,0.0,0.0,0.0,0.0,0.0,0.0,66.0,2.0,0.0,5.0,40.0,2.0,0.0,7.0,146.0,38.0,10.0,21.0,31.0,0.0,0.0,31.0,48.0,9.0,8.0,94.0,146.0,0.0,0.0,3.0,140.0,0.0,0.0,9.0,48.0,0.0,0.0,12.0,48.0,26.0,2.0,16.0,16.0,0.0,0.0,2.0,146.0,146.0,146.0,51.0,11.0,0.0,0.0,5.0,44.0,27.0,117.0,146.0,133.0,0.0,0.0,1.0,146.0,14.0,4.0,31.0,48.0,0.0,0.0,10.0,1.0,5.0,2.0,1.0,0.0,0.0,0.0,0.0,1.0,24.0,45.0,4.0,0.0,0.0,0.0,0.0,41.0,6.0,36.0,20.0,0.0,0.0,0.0,0.0,130.0,30.0,7.0,31.0,16.0,0.0,0.0,1.0,0.0,0.0,0.0,0.0,0.0,0.0,0.0,0.0,0.0,0.0,0.0,0.0,0.0,0.0,0.0,0.0,0.0,0.0,0.0,0.0,0.0,0.0,0.0,0.0,0.0,0.0,0.0,0.0,0.0,0.0,0.0,0.0,0.0,0.0,0.0,0.0,0.0,0.0,0.0,0.0,0.0,0.0,0.0,0.0,0.0,0.0,0.0,0.0,0.0,0.0,0.0,0.0,0.0,0.0,0.0,0.0,0.0,0.0,0.0,0.0,0.0,0.0,0.0,0.0,0.0,0.0,0.0,0.0,0.0,0.0,0.0,0.0,0.0,0.0,0.0,0.0,0.0,0.0,0.0,0.0,0.0,0.0,0.0,0.0,0.0,0.0,0.0,0.0,0.0,0.0,0.0,0.0,0.0,0.0,0.0,0.0,0.0,0.0,0.0,0.0,0.0,0.0,0.0,0.0,0.0,0.0,0.0,0.0,0.0,0.0,0.0,0.0,0.0,0.0,0.0,0.0,0.0,0.0,0.0,0.0,0.0,0.0,0.0,0.0,0.0,0.0,0.0,0.0
0.0,0.0,0.0,0.0,0.0,0.0,0.0,1.0,2.0,0.0,0.0,0.0,0.0,3.0,17.0,25.0,0.0,0.0,0.0,0.0,2.0,28.0,26.0,8.0,0.0,0.0,0.0,0.0,1.0,3.0,0.0,0.0,13.0,0.0,0.0,0.0,0.0,0.0,0.0,8.0,120.0,2.0,0.0,0.0,4.0,23.0,37.0,146.0,16.0,0.0,0.0,0.0,96.0,146.0,56.0,53.0,0.0,0.0,0.0,0.0,19.0,33.0,2.0,0.0,27.0,5.0,0.0,0.0,0.0,0.0,0.0,3.0,146.0,65.0,0.0,0.0,4.0,13.0,4.0,50.0,97.0,16.0,0.0,0.0,87.0,146.0,27.0,22.0,0.0,0.0,0.0,2.0,47.0,146.0,28.0,0.0,20.0,1.0,0.0,0.0,0.0,0.0,0.0,20.0,146.0,14.0,0.0,0.0,0.0,0.0,0.0,146.0,91.0,4.0,0.0,6.0,66.0,56.0,10.0,48.0,0.0,0.0,0.0,35.0,146.0,80.0,5.0,0.0,0.0,0.0,0.0,0.0,0.0,0.0,0.0,0.0,0.0,0.0,0.0,0.0,0.0,0.0,0.0,0.0,0.0,0.0,0.0,0.0,0.0,0.0,0.0,0.0,0.0,0.0,0.0,0.0,0.0,0.0,0.0,0.0,0.0,0.0,0.0,0.0,0.0,0.0,0.0,0.0,0.0,0.0,0.0,0.0,0.0,0.0,0.0,0.0,0.0,0.0,0.0,0.0,0.0,0.0,0.0,0.0,0.0,0.0,0.0,0.0,0.0,0.0,0.0,0.0,0.0,0.0,0.0,0.0,0.0,0.0,0.0,0.0,0.0,0.0,0.0,0.0,0.0,0.0,0.0,0.0,0.0,0.0,0.0,0.0,0.0,0.0,0.0,0.0,0.0,0.0,0.0,0.0,0.0,0.0,0.0,0.0,0.0,0.0,0.0,0.0,0.0,0.0,0.0,0.0,0.0,0.0,0.0,0.0,0.0,0.0,0.0,0.0,0.0,0.0,0.0,0.0,0.0,0.0,0.0,0.0,0.0,0.0,0.0,0.0,0.0,0.0,0.0,0.0
62.0,33.0,0.0,0.0,0.0,4.0,11.0,20.0,43.0,20.0,0.0,0.0,4.0,137.0,40.0,18.0,0.0,0.0,0.0,0.0,10.0,115.0,5.0,1.0,0.0,0.0,0.0,0.0,1.0,4.0,0.0,0.0,94.0,37.0,0.0,0.0,0.0,1.0,0.0,2.0,137.0,60.0,10.0,8.0,16.0,117.0,47.0,74.0,9.0,6.0,8.0,28.0,137.0,137.0,25.0,12.0,0.0,0.0,0.0,2.0,29.0,24.0,0.0,0.0,51.0,28.0,1.0,1.0,2.0,1.0,0.0,0.0,137.0,137.0,137.0,34.0,11.0,8.0,2.0,8.0,5.0,21.0,137.0,137.0,135.0,35.0,1.0,2.0,0.0,0.0,1.0,23.0,34.0,4.0,0.0,0.0,1.0,6.0,1.0,1.0,0.0,0.0,0.0,0.0,1.0,20.0,44.0,4.0,0.0,0.0,0.0,0.0,0.0,1.0,37.0,24.0,0.0,0.0,0.0,0.0,0.0,0.0,1.0,5.0,0.0,0.0,0.0,0.0,0.0,0.0,0.0,0.0,0.0,0.0,0.0,0.0,0.0,0.0,0.0,0.0,0.0,0.0,0.0,0.0,0.0,0.0,0.0,0.0,0.0,0.0,0.0,0.0,0.0,0.0,0.0,0.0,0.0,0.0,0.0,0.0,0.0,0.0,0.0,0.0,0.0,0.0,0.0,0.0,0.0,0.0,0.0,0.0,0.0,0.0,0.0,0.0,0.0,0.0,0.0,0.0,0.0,0.0,0.0,0.0,0.0,0.0,0.0,0.0,0.0,0.0,0.0,0.0,0.0,0.0,0.0,0.0,0.0,0.0,0.0,0.0,0.0,0.0,0.0,0.0,0.0,0.0,0.0,0.0,0.0,0.0,0.0,0.0,0.0,0.0,0.0,0.0,0.0,0.0,0.0,0.0,0.0,0.0,0.0,0.0,0.0,0.0,0.0,0.0,0.0,0.0,0.0,0.0,0.0,0.0,0.0,0.0,0.0,0.0,0.0,0.0,0.0,0.0,0.0,0.0,0.0,0.0,0.0,0.0,0.0,0.0,0.0,0.0,0.0,0.0,0.0,0.0
0.0,0.0,0.0,0.0,0.0,0.0,0.0,1.0,1.0,0.0,0.0,0.0,0.0,1.0,17.0,30.0,0.0,0.0,0.0,0.0,4.0,28.0,42.0,16.0,0.0,0.0,0.0,0.0,3.0,7.0,1.0,0.0,16.0,0.0,0.0,0.0,0.0,0.0,0.0,13.0,118.0,5.0,0.0,1.0,12.0,11.0,52.0,165.0,15.0,1.0,0.0,11.0,165.0,114.0,91.0,81.0,0.0,0.0,0.0,2.0,48.0,13.0,0.0,0.0,48.0,2.0,0.0,0.0,0.0,0.0,0.0,5.0,165.0,22.0,0.0,11.0,46.0,2.0,3.0,55.0,63.0,5.0,0.0,67.0,165.0,9.0,4.0,13.0,0.0,0.0,0.0,7.0,55.0,1.0,0.0,0.0,42.0,4.0,0.0,0.0,0.0,0.0,0.0,3.0,165.0,47.0,24.0,40.0,31.0,0.0,0.0,19.0,28.0,8.0,15.0,133.0,165.0,0.0,0.0,2.0,0.0,0.0,0.0,7.0,20.0,0.0,0.0,0.0,0.0,0.0,16.0,0.0,0.0,0.0,0.0,0.0,0.0,0.0,16.0,0.0,0.0,0.0,0.0,0.0,0.0,0.0,16.0,0.0,0.0,0.0,0.0,0.0,0.0,0.0,16.0,0.0,0.0,0.0,0.0,0.0,0.0,0.0,16.0,0.0,0.0,0.0,0.0,0.0,0.0,0.0,16.0,0.0,0.0,0.0,0.0,0.0,0.0,0.0,16.0,0.0,0.0,0.0,0.0,0.0,0.0,0.0,16.0,0.0,0.0,0.0,0.0,0.0,0.0,0.0,16.0,0.0,0.0,0.0,0.0,0.0,0.0,0.0,16.0,0.0,0.0,0.0,0.0,0.0,0.0,0.0,16.0,0.0,0.0,0.0,0.0,0.0,0.0,0.0,16.0,0.0,0.0,0.0,0.0,0.0,0.0,0.0,16.0,0.0,0.0,0.0,0.0,0.0,0.0,0.0,16.0,0.0,0.0,0.0,0.0,0.0,0.0,0.0,16.0,0.0,0.0,0.0,0.0,0.0,0.0,0.0,16.0,0.0,0.0,0.0,0.0,0.0
1.0,0.0,0.0,0.0,0.0,0.0,1.0,4.0,1.0,0.0,0.0,0.0,0.0,4.0,38.0,25.0,0.0,0.0,0.0,0.0,0.0,25.0,37.0,3.0,0.0,0.0,0.0,0.0,0.0,4.0,2.0,0.0,39.0,0.0,0.0,0.0,0.0,0.0,0.0,19.0,144.0,6.0,1.0,5.0,6.0,35.0,123.0,144.0,11.0,2.0,1.0,30.0,109.0,144.0,139.0,35.0,0.0,0.0,0.0,5.0,39.0,34.0,2.0,0.0,77.0,6.0,0.0,0.0,0.0,0.0,0.0,3.0,144.0,105.0,33.0,71.0,17.0,8.0,9.0,41.0,21.0,21.0,27.0,144.0,144.0,44.0,10.0,9.0,2.0,0.0,0.0,34.0,43.0,4.0,1.0,2.0,38.0,7.0,0.0,0.0,0.0,0.0,0.0,0.0,130.0,72.0,17.0,42.0,30.0,0.0,0.0,0.0,3.0,7.0,9.0,95.0,103.0,0.0,0.0,0.0,8.0,3.0,0.0,5.0,5.0,0.0,0.0,2.0,0.0,0.0,0.0,0.0,0.0,0.0,0.0,0.0,0.0,0.0,0.0,0.0,0.0,0.0,0.0,0.0,0.0,0.0,0.0,0.0,0.0,0.0,0.0,0.0,0.0,0.0,0.0,0.0,0.0,0.0,0.0,0.0,0.0,0.0,0.0,0.0,0.0,0.0,0.0,0.0,0.0,0.0,0.0,0.0,0.0,0.0,0.0,0.0,0.0,0.0,0.0,0.0,0.0,0.0,0.0,0.0,0.0,0.0,0.0,0.0,0.0,0.0,0.0,0.0,0.0,0.0,0.0,0.0,0.0,0.0,0.0,0.0,0.0,0.0,0.0,0.0,0.0,0.0,0.0,0.0,0.0,0.0,0.0,0.0,0.0,0.0,0.0,0.0,0.0,0.0,0.0,0.0,0.0,0.0,0.0,0.0,0.0,0.0,0.0,0.0,0.0,0.0,0.0,0.0,0.0,0.0,0.0,0.0,0.0,0.0,0.0,0.0,0.0,0.0,0.0,0.0,0.0,0.0,0.0,0.0,0.0,0.0,0.0,0.0,0.0,0.0,0.0,0.0
29.0,10.0,0.0,0.0,0.0,0.0,0.0,2.0,169.0,80.0,1.0,11.0,29.0,0.0,0.0,25.0,58.0,17.0,2.0,83.0,169.0,1.0,0.0,5.0,0.0,0.0,0.0,11.0,55.0,0.0,0.0,0.0,47.0,4.0,0.0,0.0,0.0,0.0,0.0,5.0,169.0,60.0,14.0,12.0,47.0,5.0,0.0,59.0,53.0,13.0,15.0,64.0,169.0,33.0,0.0,12.0,0.0,0.0,0.0,5.0,57.0,5.0,0.0,0.0,16.0,13.0,0.0,0.0,0.0,0.0,0.0,0.0,91.0,169.0,102.0,21.0,7.0,0.0,0.0,2.0,7.0,34.0,117.0,162.0,102.0,3.0,0.0,0.0,0.0,0.0,0.0,15.0,21.0,0.0,0.0,0.0,0.0,1.0,0.0,0.0,0.0,0.0,0.0,1.0,0.0,8.0,12.0,1.0,0.0,0.0,2.0,2.0,0.0,1.0,15.0,10.0,0.0,2.0,3.0,0.0,0.0,0.0,0.0,1.0,0.0,1.0,0.0,0.0,0.0,0.0,15.0,0.0,0.0,0.0,0.0,0.0,0.0,0.0,16.0,0.0,0.0,0.0,0.0,0.0,0.0,0.0,16.0,0.0,0.0,0.0,0.0,0.0,0.0,0.0,16.0,0.0,0.0,0.0,0.0,0.0,0.0,0.0,16.0,0.0,0.0,0.0,0.0,0.0,0.0,0.0,16.0,0.0,0.0,0.0,0.0,0.0,0.0,0.0,16.0,0.0,0.0,0.0,0.0,0.0,0.0,0.0,16.0,0.0,0.0,0.0,0.0,0.0,0.0,0.0,16.0,0.0,0.0,0.0,0.0,0.0,0.0,0.0,16.0,0.0,0.0,0.0,0.0,0.0,0.0,0.0,16.0,0.0,0.0,0.0,0.0,0.0,0.0,0.0,16.0,0.0,0.0,0.0,0.0,0.0,0.0,0.0,16.0,0.0,0.0,0.0,0.0,0.0,0.0,0.0,16.0,0.0,0.0,0.0,0.0,0.0,0.0,0.0,16.0,0.0,0.0,0.0,0.0,0.0,0.0,0.0,16.0,0.0,0.0,0.0,0.0,0.0
1.0,0.0,0.0,0.0,0.0,0.0,0.0,1.0,57.0,0.0,0.0,0.0,1.0,1.0,2.0,52.0,41.0,0.0,0.0,6.0,102.0,21.0,9.0,40.0,0.0,0.0,0.0,3.0,32.0,3.0,0.0,0.0,13.0,0.0,0.0,0.0,0.0,0.0,0.0,8.0,140.0,4.0,0.0,0.0,12.0,16.0,9.0,140.0,29.0,1.0,0.0,9.0,140.0,97.0,13.0,60.0,0.0,0.0,0.0,3.0,36.0,10.0,0.0,0.0,25.0,3.0,0.0,0.0,0.0,0.0,0.0,2.0,140.0,44.0,0.0,0.0,12.0,12.0,2.0,30.0,82.0,9.0,0.0,0.0,140.0,140.0,2.0,11.0,0.0,0.0,0.0,0.0,64.0,57.0,0.0,0.0,12.0,3.0,0.0,0.0,0.0,0.0,0.0,0.0,140.0,88.0,0.0,0.0,1.0,2.0,0.0,2.0,82.0,67.0,3.0,3.0,105.0,124.0,0.0,2.0,0.0,0.0,0.0,7.0,100.0,114.0,0.0,0.0,0.0,0.0,16.0,0.0,0.0,0.0,0.0,0.0,0.0,0.0,16.0,0.0,0.0,0.0,0.0,0.0,0.0,0.0,16.0,0.0,0.0,0.0,0.0,0.0,0.0,0.0,16.0,0.0,0.0,0.0,0.0,0.0,0.0,0.0,16.0,0.0,0.0,0.0,0.0,0.0,0.0,0.0,16.0,0.0,0.0,0.0,0.0,0.0,0.0,0.0,16.0,0.0,0.0,0.0,0.0,0.0,0.0,0.0,16.0,0.0,0.0,0.0,0.0,0.0,0.0,0.0,16.0,0.0,0.0,0.0,0.0,0.0,0.0,0.0,16.0,0.0,0.0,0.0,0.0,0.0,0.0,0.0,16.0,0.0,0.0,0.0,0.0,0.0,0.0,0.0,16.0,0.0,0.0,0.0,0.0,0.0,0.0,0.0,16.0,0.0,0.0,0.0,0.0,0.0,0.0,0.0,16.0,0.0,0.0,0.0,0.0,0.0,0.0,0.0,16.0,0.0,0.0,0.0,0.0,0.0,0.0,0.0,16.0,0.0,0.0,0.0,0.0,0.0
0.0,0.0,0.0,0.0,0.0,0.0,1.0,1.0,0.0,0.0,0.0,0.0,0.0,0.0,18.0,10.0,0.0,0.0,0.0,0.0,0.0,7.0,31.0,2.0,0.0,0.0,0.0,0.0,0.0,2.0,15.0,1.0,19.0,1.0,0.0,0.0,0.0,0.0,0.0,8.0,108.0,1.0,0.0,0.0,0.0,5.0,107.0,155.0,12.0,0.0,0.0,0.0,0.0,102.0,168.0,44.0,0.0,0.0,0.0,0.0,0.0,20.0,168.0,16.0,44.0,4.0,0.0,0.0,0.0,0.0,0.0,1.0,168.0,28.0,0.0,0.0,0.0,1.0,13.0,47.0,110.0,6.0,0.0,0.0,0.0,33.0,133.0,26.0,0.0,0.0,0.0,7.0,9.0,12.0,168.0,7.0,27.0,3.0,0.0,0.0,0.0,0.0,0.0,0.0,168.0,36.0,0.0,0.0,0.0,0.0,0.0,0.0,133.0,12.0,0.0,0.0,1.0,1.0,1.0,0.0,0.0,0.0,0.0,10.0,35.0,5.0,0.0,0.0,0.0,0.0,16.0,0.0,0.0,0.0,0.0,0.0,0.0,0.0,16.0,0.0,0.0,0.0,0.0,0.0,0.0,0.0,16.0,0.0,0.0,0.0,0.0,0.0,0.0,0.0,16.0,0.0,0.0,0.0,0.0,0.0,0.0,0.0,16.0,0.0,0.0,0.0,0.0,0.0,0.0,0.0,16.0,0.0,0.0,0.0,0.0,0.0,0.0,0.0,16.0,0.0,0.0,0.0,0.0,0.0,0.0,0.0,16.0,0.0,0.0,0.0,0.0,0.0,0.0,0.0,16.0,0.0,0.0,0.0,0.0,0.0,0.0,0.0,16.0,0.0,0.0,0.0,0.0,0.0,0.0,0.0,16.0,0.0,0.0,0.0,0.0,0.0,0.0,0.0,16.0,0.0,0.0,0.0,0.0,0.0,0.0,0.0,16.0,0.0,0.0,0.0,0.0,0.0,0.0,0.0,16.0,0.0,0.0,0.0,0.0,0.0,0.0,0.0,16.0,0.0,0.0,0.0,0.0,0.0,0.0,0.0,16.0,0.0,0.0,0.0,0.0,0.0
2.0,0.0,0.0,0.0,0.0,0.0,0.0,4.0,4.0,0.0,0.0,0.0,0.0,6.0,50.0,44.0,13.0,2.0,0.0,0.0,2.0,40.0,54.0,16.0,46.0,27.0,9.0,4.0,5.0,14.0,33.0,55.0,41.0,1.0,0.0,0.0,0.0,0.0,0.0,13.0,146.0,17.0,1.0,3.0,16.0,40.0,94.0,146.0,28.0,9.0,2.0,12.0,146.0,146.0,101.0,44.0,19.0,58.0,46.0,11.0,44.0,14.0,1.0,3.0,41.0,13.0,0.0,0.0,0.0,0.0,0.0,1.0,146.0,146.0,66.0,29.0,20.0,6.0,3.0,20.0,27.0,60.0,83.0,146.0,146.0,25.0,3.0,6.0,0.0,1.0,4.0,15.0,61.0,1.0,0.0,0.0,2.0,4.0,0.0,0.0,0.0,0.0,0.0,0.0,6.0,70.0,49.0,5.0,0.0,0.0,0.0,0.0,0.0,18.0,70.0,63.0,11.0,0.0,0.0,0.0,0.0,0.0,1.0,9.0,5.0,0.0,0.0,0.0,0.0,0.0,0.0,0.0,0.0,0.0,0.0,0.0,0.0,0.0,0.0,0.0,0.0,0.0,0.0,0.0,0.0,0.0,0.0,0.0,0.0,0.0,0.0,0.0,0.0,0.0,0.0,0.0,0.0,0.0,0.0,0.0,0.0,0.0,0.0,0.0,0.0,0.0,0.0,0.0,0.0,0.0,0.0,0.0,0.0,0.0,0.0,0.0,0.0,0.0,0.0,0.0,0.0,0.0,0.0,0.0,0.0,0.0,0.0,0.0,0.0,0.0,0.0,0.0,0.0,0.0,0.0,0.0,0.0,0.0,0.0,0.0,0.0,0.0,0.0,0.0,0.0,0.0,0.0,0.0,0.0,0.0,0.0,0.0,0.0,0.0,0.0,0.0,0.0,0.0,0.0,0.0,0.0,0.0,0.0,0.0,0.0,0.0,0.0,0.0,0.0,0.0,0.0,0.0,0.0,0.0,0.0,0.0,0.0,0.0,0.0,0.0,0.0,0.0,0.0,0.0,0.0,0.0,0.0,0.0,0.0,0.0,0.0,0.0,0.0,0.0,0.0,0.0
1.0,0.0,0.0,0.0,0.0,0.0,1.0,4.0,1.0,0.0,0.0,0.0,0.0,2.0,46.0,28.0,0.0,0.0,0.0,0.0,1.0,28.0,53.0,4.0,0.0,0.0,0.0,0.0,1.0,5.0,1.0,0.0,40.0,3.0,0.0,0.0,0.0,0.0,0.0,17.0,139.0,36.0,4.0,4.0,6.0,28.0,137.0,139.0,17.0,9.0,5.0,25.0,139.0,139.0,139.0,45.0,0.0,0.0,0.0,2.0,57.0,30.0,1.0,0.0,36.0,16.0,0.0,0.0,0.0,0.0,0.0,1.0,139.0,139.0,103.0,24.0,7.0,6.0,6.0,26.0,18.0,66.0,139.0,139.0,139.0,38.0,8.0,8.0,0.0,0.0,1.0,29.0,66.0,4.0,0.0,0.0,1.0,3.0,0.0,0.0,0.0,0.0,0.0,0.0,2.0,36.0,42.0,2.0,0.0,0.0,0.0,0.0,0.0,8.0,62.0,34.0,2.0,0.0,0.0,0.0,0.0,0.0,1.0,7.0,2.0,0.0,1.0,1.0,0.0,0.0,16.0,0.0,0.0,0.0,0.0,0.0,0.0,0.0,16.0,0.0,0.0,0.0,0.0,0.0,0.0,0.0,16.0,0.0,0.0,0.0,0.0,0.0,0.0,0.0,16.0,0.0,0.0,0.0,0.0,0.0,0.0,0.0,16.0,0.0,0.0,0.0,0.0,0.0,0.0,0.0,16.0,0.0,0.0,0.0,0.0,0.0,0.0,0.0,16.0,0.0,0.0,0.0,0.0,0.0,0.0,0.0,16.0,0.0,0.0,0.0,0.0,0.0,0.0,0.0,16.0,0.0,0.0,0.0,0.0,0.0,0.0,0.0,16.0,0.0,0.0,0.0,0.0,0.0,0.0,0.0,16.0,0.0,0.0,0.0,0.0,0.0,0.0,0.0,16.0,0.0,0.0,0.0,0.0,0.0,0.0,0.0,16.0,0.0,0.0,0.0,0.0,0.0,0.0,0.0,16.0,0.0,0.0,0.0,0.0,0.0,0.0,0.0,16.0,0.0,0.0,0.0,0.0,0.0,0.0,0.0,16.0,0.0,0.0,0.0,0.0,0.0
